2025-2026_Liverpool_Bournemouth,2025-2026,,2025-08-15,20:00,Liverpool,Bournemouth,4,2,H,1.0,0.0,H,A Taylor,19.0,10.0,10.0,3.0,6.0,7.0,7.0,10.0,1.0,2.0,0.0,0.0,3,0,4,8,0,2.2,1.4,17.0,12.0,5.0,4.0,8.6,4.2,1.2,2.8,0.2,0.2,1893.3186548753858,1710.8971305218215,182.42152435356434
2025-2026_Tottenham_Burnley,2025-2026,,2025-08-16,15:00,Tottenham,Burnley,3,0,H,1.0,0.0,H,M Oliver,16.0,14.0,6.0,4.0,6.0,5.0,14.0,8.0,0.0,0.0,0.0,0.0,3,0,5,8,1,1.4,1.6,11.8,12.6,4.2,5.4,4.0,3.8,1.8,2.2,0.0,0.4,1602.4919441620843,1535.0436255505572,67.44831861152716
2025-2026_Aston Villa_Newcastle,2025-2026,,2025-08-16,12:30,Aston Villa,Newcastle,0,0,D,0.0,0.0,D,C Pawson,3.0,16.0,3.0,3.0,3.0,6.0,13.0,11.0,1.0,1.0,1.0,0.0,1,1,5,8,1,2.2,1.2,15.4,12.4,6.2,4.2,6.2,4.8,1.0,1.6,0.0,0.0,1804.3913941254361,1780.9604402348823,23.430953890553837
2025-2026_Brighton_Fulham,2025-2026,,2025-08-16,15:00,Brighton,Fulham,1,1,D,0.0,0.0,D,S Barrott,10.0,7.0,4.0,2.0,4.0,3.0,16.0,15.0,3.0,3.0,0.0,0.0,1,1,5,8,1,1.8,1.2,15.6,14.8,6.8,5.0,3.8,6.4,1.4,2.8,0.0,0.0,1764.7302618564338,1699.8989010909409,64.83136076549295
2025-2026_Sunderland_West Ham,2025-2026,,2025-08-16,15:00,Sunderland,West Ham,3,0,H,0.0,0.0,D,R Jones,10.0,12.0,5.0,4.0,5.0,7.0,8.0,10.0,0.0,1.0,0.0,0.0,3,0,5,8,1,0.4,1.6,13.4,10.4,4.4,3.8,5.8,2.2,2.2,1.4,0.2,0.0,1510.4744077234477,1644.7212720519692,-134.2468643285215
2025-2026_Wolves_Man City,2025-2026,,2025-08-16,17:30,Wolves,Man City,0,4,A,0.0,2.0,A,J Gillett,9.0,15.0,3.0,4.0,4.0,6.0,13.0,7.0,1.0,2.0,0.0,0.0,0,3,5,8,1,1.8,0.8,14.0,16.2,4.4,5.0,4.2,6.2,1.8,0.8,0.0,0.0,1653.7918870791095,1887.436299853957,-233.64441277484752
2025-2026_Man United_Arsenal,2025-2026,,2025-08-17,16:30,Man United,Arsenal,0,1,A,0.0,1.0,A,S Hooper,22.0,9.0,7.0,3.0,3.0,4.0,10.0,19.0,1.0,4.0,0.0,0.0,0,3,6,8,1,0.6,2.0,16.0,18.6,5.0,6.6,5.6,7.6,1.4,0.6,0.0,0.2,1655.9091753418725,1883.1013962838624,-227.19222094198994
2025-2026_Chelsea_Crystal Palace,2025-2026,,2025-08-17,14:00,Chelsea,Crystal Palace,0,0,D,0.0,0.0,D,D England,19.0,12.0,3.0,4.0,11.0,2.0,10.0,12.0,2.0,3.0,0.0,0.0,1,1,6,8,1,1.6,1.6,16.6,12.6,6.2,5.0,7.8,4.0,2.0,1.2,0.0,0.0,1813.8869674050886,1758.5685877661917,55.318379638896886
2025-2026_Nott'm Forest_Brentford,2025-2026,,2025-08-17,14:00,Nott'M Forest,Brentford,3,1,H,3.0,0.0,H,P Bankes,11.0,10.0,5.0,3.0,5.0,5.0,7.0,15.0,1.0,2.0,0.0,0.0,3,0,6,8,1,0.6,1.2,11.4,10.8,3.6,4.0,3.8,4.8,1.8,2.8,0.0,0.0,1726.8476021939316,1726.4964506666215,0.351151527310094
2025-2026_Leeds_Everton,2025-2026,,2025-08-18,20:00,Leeds,Everton,1,0,H,0.0,0.0,D,C Kavanagh,21.0,7.0,3.0,1.0,7.0,2.0,6.0,8.0,0.0,2.0,0.0,0.0,3,0,0,8,0,1.2,1.0,13.0,9.8,3.8,4.2,4.6,4.4,2.6,1.8,0.2,0.0,1554.1492761071213,1729.6240307559237,-175.47475464880245
2025-2026_West Ham_Chelsea,2025-2026,,2025-08-22,20:00,West Ham,Chelsea,1,5,A,1.0,3.0,A,M Oliver,12.0,12.0,4.0,7.0,7.0,5.0,7.0,10.0,0.0,1.0,0.0,0.0,0,3,4,8,0,1.0,0.6,11.4,11.6,3.2,4.0,3.6,5.2,2.4,2.6,0.0,0.2,1626.1536915947975,1809.4743427245764,-183.32065112977898
2025-2026_Burnley_Sunderland,2025-2026,,2025-08-23,15:00,Burnley,Sunderland,2,0,H,0.0,0.0,D,M Salisbury,7.0,9.0,2.0,1.0,4.0,3.0,9.0,5.0,0.0,1.0,0.0,0.0,3,0,5,8,1,1.2,0.6,15.6,10.0,4.6,3.4,4.8,3.8,1.2,1.6,0.0,0.0,1524.929568599223,1529.0419881806195,-4.112419581396352
2025-2026_Brentford_Aston Villa,2025-2026,,2025-08-23,15:00,Brentford,Aston Villa,1,0,H,1.0,0.0,H,T Harrington,9.0,17.0,2.0,2.0,2.0,9.0,11.0,9.0,1.0,2.0,0.0,0.0,3,0,5,8,1,2.0,1.6,12.2,10.4,5.0,4.4,5.0,3.8,2.0,2.4,0.0,0.4,1713.655192773089,1801.267501174964,-87.612308401875
2025-2026_Arsenal_Leeds,2025-2026,,2025-08-23,17:30,Arsenal,Leeds,5,0,H,2.0,0.0,H,J Gillett,18.0,3.0,5.0,1.0,2.0,2.0,8.0,11.0,0.0,2.0,0.0,0.0,3,0,5,8,1,1.4,1.0,13.6,9.6,4.2,3.6,6.6,4.2,1.2,2.4,0.0,0.0,1891.0522158669344,1574.3426137877102,316.70960207922417
2025-2026_Man City_Tottenham,2025-2026,,2025-08-23,12:30,Man City,Tottenham,0,2,A,0.0,2.0,A,P Bankes,10.0,12.0,4.0,5.0,7.0,2.0,7.0,12.0,1.0,4.0,0.0,0.0,0,3,5,8,1,2.6,0.8,14.8,7.4,5.4,2.4,4.6,3.2,1.4,2.4,0.2,0.0,1895.1719786293047,1612.6060011134184,282.5659775158863
2025-2026_Bournemouth_Wolves,2025-2026,,2025-08-23,15:00,Bournemouth,Wolves,1,0,H,1.0,0.0,H,T Bramall,14.0,6.0,4.0,1.0,8.0,3.0,13.0,16.0,2.0,4.0,0.0,1.0,3,0,5,8,1,1.0,1.4,14.8,9.8,4.4,3.2,7.0,5.2,2.4,1.4,0.2,0.0,1704.661589727023,1646.0562083037619,58.60538142326118
2025-2026_Everton_Brighton,2025-2026,,2025-08-24,14:00,Everton,Brighton,2,0,H,1.0,0.0,H,S Attwell,11.0,13.0,3.0,4.0,2.0,2.0,7.0,15.0,4.0,3.0,0.0,0.0,3,0,6,8,1,1.2,2.2,9.4,13.6,3.6,4.2,3.6,6.4,2.6,2.2,0.0,0.4,1709.4306930753348,1759.9455609573224,-50.514867881987584
2025-2026_Fulham_Man United,2025-2026,,2025-08-24,16:30,Fulham,Man United,1,1,D,0.0,0.0,D,C Kavanagh,13.0,10.0,4.0,3.0,9.0,6.0,12.0,10.0,1.0,1.0,0.0,0.0,1,1,6,8,1,1.4,1.0,12.4,15.0,4.0,4.6,4.4,5.6,1.0,3.0,0.0,0.0,1704.6836019900522,1647.9583557588005,56.72524623125173
2025-2026_Crystal Palace_Nott'm Forest,2025-2026,,2025-08-24,14:00,Crystal Palace,Nott'M Forest,1,1,D,1.0,0.0,H,A Taylor,8.0,9.0,4.0,1.0,1.0,3.0,11.0,11.0,3.0,3.0,0.0,0.0,1,1,6,8,1,1.6,2.0,13.2,11.2,4.0,4.2,3.8,3.8,2.2,3.6,0.6,0.0,1762.981212446704,1739.688860087464,23.292352359239885
2025-2026_Newcastle_Liverpool,2025-2026,,2025-08-25,20:00,Newcastle,Liverpool,2,3,A,0.0,1.0,A,S Hooper,10.0,5.0,3.0,4.0,7.0,1.0,17.0,15.0,2.0,3.0,1.0,0.0,0,3,0,8,0,2.2,1.6,18.2,17.6,5.4,5.2,7.2,6.8,1.4,0.8,0.0,0.0,1784.0843331853544,1899.5541956701843,-115.46986248482995
2025-2026_Chelsea_Fulham,2025-2026,,2025-08-30,12:30,Chelsea,Fulham,2,0,H,1.0,0.0,H,R Jones,13.0,11.0,6.0,3.0,6.0,4.0,11.0,17.0,2.0,2.0,0.0,0.0,3,0,5,8,1,1.4,1.2,18.2,14.4,5.8,4.8,9.2,6.2,1.4,3.0,0.0,0.0,1818.9852373229048,1700.215560625873,118.76967669703185
2025-2026_Man United_Burnley,2025-2026,,2025-08-30,15:00,Man United,Burnley,3,2,H,1.0,0.0,H,S Barrott,26.0,6.0,6.0,3.0,7.0,1.0,9.0,9.0,1.0,5.0,0.0,0.0,3,0,5,8,1,0.4,1.2,18.4,11.8,5.2,4.8,5.8,4.0,1.6,1.8,0.0,0.2,1652.4263971229798,1537.959882158376,114.46651496460368
2025-2026_Sunderland_Brentford,2025-2026,,2025-08-30,15:00,Sunderland,Brentford,2,1,H,0.0,0.0,D,A Taylor,12.0,7.0,3.0,4.0,3.0,4.0,11.0,12.0,3.0,2.0,0.0,0.0,3,0,5,8,1,1.0,1.2,12.6,10.4,4.4,4.0,6.2,4.8,1.8,3.0,0.2,0.0,1516.0116746214665,1730.2727326386898,-214.26105801722338
2025-2026_Tottenham_Bournemouth,2025-2026,,2025-08-30,15:00,Tottenham,Bournemouth,0,1,A,0.0,1.0,A,S Hooper,5.0,20.0,1.0,6.0,0.0,8.0,17.0,13.0,2.0,4.0,0.0,0.0,0,3,5,8,1,1.6,1.4,12.6,10.6,4.6,3.0,4.6,4.4,1.2,2.6,0.0,0.2,1638.7513931488643,1715.1196982413803,-76.36830509251604
2025-2026_Wolves_Everton,2025-2026,,2025-08-30,15:00,Wolves,Everton,2,3,A,1.0,2.0,A,M Oliver,12.0,10.0,4.0,4.0,2.0,2.0,15.0,10.0,0.0,1.0,0.0,0.0,0,3,5,8,1,1.6,1.0,14.0,10.2,4.6,4.4,4.8,3.8,1.2,1.8,0.0,0.0,1635.5980997894046,1724.4529216923743,-88.85482190296966
2025-2026_Leeds_Newcastle,2025-2026,,2025-08-30,17:30,Leeds,Newcastle,0,0,D,0.0,0.0,D,P Bankes,10.0,8.0,1.0,2.0,5.0,5.0,10.0,15.0,1.0,1.0,0.0,0.0,1,1,5,8,1,1.2,1.0,15.0,13.8,3.0,4.2,5.6,5.2,2.0,1.6,0.2,0.0,1571.1015016691051,1771.8779070187993,-200.7764053496942
2025-2026_Aston Villa_Crystal Palace,2025-2026,,2025-08-31,19:00,Aston Villa,Crystal Palace,0,3,A,0.0,1.0,A,S Attwell,13.0,6.0,4.0,4.0,10.0,1.0,7.0,14.0,2.0,3.0,0.0,0.0,0,3,6,8,1,1.8,1.4,14.2,13.2,6.0,5.2,5.6,4.0,1.0,1.6,0.2,0.0,1784.6499613093633,1759.8630443463767,24.786916962986652
2025-2026_Brighton_Man City,2025-2026,,2025-08-31,14:00,Brighton,Man City,2,1,H,0.0,1.0,A,D England,12.0,12.0,7.0,3.0,3.0,2.0,16.0,14.0,2.0,2.0,0.0,0.0,3,0,6,8,1,2.0,1.6,15.4,16.4,6.8,5.2,3.8,7.0,1.8,0.8,0.0,0.0,1744.923332340283,1869.0265865938588,-124.10325425357587
2025-2026_Nott'm Forest_West Ham,2025-2026,,2025-08-31,14:00,Nott'M Forest,West Ham,0,3,A,0.0,0.0,D,C Pawson,11.0,12.0,3.0,8.0,9.0,7.0,14.0,6.0,0.0,0.0,0.0,0.0,0,3,6,8,1,1.0,1.6,12.0,10.8,4.2,4.4,4.2,3.2,1.8,1.2,0.0,0.0,1742.8070281877913,1616.642796996469,126.16423119132219
2025-2026_Liverpool_Arsenal,2025-2026,,2025-08-31,16:30,Liverpool,Arsenal,1,0,H,0.0,0.0,D,C Kavanagh,9.0,11.0,3.0,1.0,3.0,8.0,7.0,10.0,2.0,2.0,0.0,0.0,3,0,6,8,1,2.8,2.0,17.4,17.0,6.4,6.0,7.6,6.6,1.0,1.2,0.2,0.2,1911.7606218367393,1894.2933279855395,17.467293851199884
2025-2026_Brentford_Chelsea,2025-2026,,2025-09-13,20:00,Brentford,Chelsea,2,2,D,1.0,0.0,H,S Attwell,7.0,16.0,4.0,6.0,5.0,6.0,13.0,9.0,3.0,2.0,0.0,0.0,1,1,5,9,1,2.2,1.6,11.4,12.4,4.8,5.0,4.2,5.4,1.8,2.2,0.0,0.2,1708.6660751014194,1827.2225882379194,-118.55651313649992
2025-2026_West Ham_Tottenham,2025-2026,,2025-09-13,17:30,West Ham,Tottenham,0,3,A,0.0,0.0,D,J Gillett,7.0,14.0,4.0,5.0,2.0,13.0,8.0,7.0,0.0,1.0,1.0,0.0,0,3,5,9,1,1.2,1.2,12.0,8.2,3.6,3.0,4.4,2.4,2.4,2.2,0.0,0.0,1638.6573491587933,1624.8876236987269,13.769725460066411
2025-2026_Newcastle_Wolves,2025-2026,,2025-09-13,15:00,Newcastle,Wolves,1,0,H,1.0,0.0,H,C Kavanagh,16.0,8.0,4.0,3.0,10.0,4.0,10.0,17.0,1.0,4.0,0.0,0.0,3,0,5,9,1,2.2,1.0,16.0,10.0,5.2,2.8,7.8,5.6,1.6,2.2,0.2,0.2,1765.7484085523297,1622.2686388097948,143.47976974253493
2025-2026_Fulham_Leeds,2025-2026,,2025-09-13,15:00,Fulham,Leeds,1,0,H,0.0,0.0,D,C Pawson,5.0,10.0,3.0,3.0,3.0,3.0,20.0,15.0,1.0,2.0,0.0,0.0,3,0,5,9,1,1.2,0.8,12.4,8.8,4.0,2.8,5.0,4.0,1.2,2.4,0.0,0.0,1691.9782097108584,1577.2310001355747,114.7472095752837
2025-2026_Arsenal_Nott'm Forest,2025-2026,,2025-09-13,12:30,Arsenal,Nott'M Forest,3,0,H,1.0,0.0,H,D England,16.0,5.0,5.0,1.0,8.0,4.0,8.0,11.0,1.0,1.0,0.0,0.0,3,0,5,9,1,2.0,1.4,13.8,10.8,4.4,3.2,6.0,3.8,1.0,4.0,0.0,0.0,1882.170056842923,1720.792476025467,161.37758081745596
2025-2026_Crystal Palace_Sunderland,2025-2026,,2025-09-13,15:00,Crystal Palace,Sunderland,0,0,D,0.0,0.0,D,T Bramall,14.0,6.0,6.0,0.0,5.0,3.0,10.0,8.0,1.0,1.0,0.0,0.0,1,1,5,9,1,1.6,0.6,11.0,8.8,4.0,3.0,3.0,3.2,2.0,1.6,0.6,0.0,1778.0428940937927,1537.6183321587368,240.42456193505586
2025-2026_Bournemouth_Brighton,2025-2026,,2025-09-13,15:00,Bournemouth,Brighton,2,1,H,1.0,0.0,H,P Bankes,13.0,6.0,5.0,2.0,4.0,4.0,16.0,10.0,4.0,4.0,0.0,0.0,3,0,5,9,1,1.0,1.8,12.8,13.2,3.8,4.4,7.0,5.8,2.6,1.8,0.2,0.4,1728.9834676915177,1763.074980714209,-34.09151302269129
2025-2026_Everton_Aston Villa,2025-2026,,2025-09-13,15:00,Everton,Aston Villa,0,0,D,0.0,0.0,D,S Hooper,20.0,7.0,2.0,1.0,10.0,3.0,17.0,15.0,3.0,3.0,0.0,0.0,1,1,5,9,1,1.4,1.0,9.0,12.2,3.2,3.8,2.8,5.6,3.2,2.2,0.0,0.4,1737.7823826719841,1766.4701115619473,-28.687728889963182
2025-2026_Man City_Man United,2025-2026,,2025-09-14,16:30,Man City,Man United,3,0,H,1.0,0.0,H,A Taylor,13.0,12.0,6.0,2.0,2.0,4.0,8.0,8.0,0.0,0.0,0.0,0.0,3,0,6,9,1,2.2,1.2,13.2,12.4,5.2,4.0,5.0,4.8,1.4,2.6,0.2,0.0,1850.8749382199328,1660.8125919130568,190.06234630687595
2025-2026_Burnley_Liverpool,2025-2026,,2025-09-14,14:00,Burnley,Liverpool,0,1,A,0.0,0.0,D,M Oliver,3.0,27.0,0.0,4.0,1.0,13.0,9.0,9.0,0.0,2.0,0.0,0.0,0,3,6,9,1,1.2,1.8,13.6,15.2,3.8,5.4,4.6,5.4,0.8,1.4,0.0,0.0,1529.573687368299,1923.8838929793558,-394.31020561105674
2025-2026_Man United_Chelsea,2025-2026,,2025-09-20,17:30,Man United,Chelsea,2,1,H,2.0,0.0,H,P Bankes,11.0,5.0,4.0,1.0,5.0,5.0,13.0,14.0,0.0,5.0,1.0,1.0,3,0,5,9,1,1.0,2.0,21.0,11.4,6.0,5.2,6.2,5.4,1.2,2.0,0.0,0.2,1654.7915190557621,1824.3005909771507,-169.50907192138857
2025-2026_Burnley_Nott'm Forest,2025-2026,,2025-09-20,15:00,Burnley,Nott'M Forest,1,1,D,1.0,1.0,D,T Bramall,12.0,17.0,5.0,8.0,4.0,5.0,12.0,11.0,1.0,1.0,0.0,0.0,1,1,5,9,1,1.0,1.2,11.6,8.0,2.6,2.8,3.4,3.8,0.8,3.8,0.0,0.0,1525.9405417374542,1713.937405712789,-187.99686397533492
2025-2026_Fulham_Brentford,2025-2026,,2025-09-20,20:00,Fulham,Brentford,3,1,H,2.0,1.0,H,M Oliver,14.0,8.0,3.0,3.0,2.0,10.0,11.0,13.0,4.0,1.0,0.0,0.0,3,0,5,9,1,0.8,1.2,11.0,11.2,3.4,4.4,4.8,4.6,0.8,2.8,0.0,0.0,1700.3546453974345,1711.588072362188,-11.233426964753562
2025-2026_Wolves_Leeds,2025-2026,,2025-09-20,15:00,Wolves,Leeds,1,3,A,1.0,3.0,A,A Taylor,16.0,6.0,6.0,4.0,4.0,0.0,11.0,9.0,1.0,1.0,0.0,0.0,0,3,5,9,1,1.2,0.6,13.8,8.8,4.4,3.0,5.0,3.4,1.0,2.0,0.0,0.0,1614.8535165045878,1568.8545644489986,45.99895205558914
2025-2026_Brighton_Tottenham,2025-2026,,2025-09-20,15:00,Brighton,Tottenham,2,2,D,2.0,1.0,H,C Kavanagh,12.0,11.0,4.0,3.0,2.0,10.0,10.0,13.0,1.0,2.0,0.0,0.0,1,1,5,9,1,2.0,1.4,13.6,8.8,6.8,3.2,3.8,4.2,1.8,2.0,0.0,0.0,1748.7613257178018,1642.6102785358994,106.15104718190241
2025-2026_Liverpool_Everton,2025-2026,,2025-09-20,12:30,Liverpool,Everton,2,1,H,2.0,0.0,H,D England,11.0,9.0,3.0,2.0,5.0,4.0,11.0,10.0,2.0,3.0,0.0,0.0,3,0,5,9,1,2.6,1.4,16.2,9.6,5.8,4.2,6.2,2.8,1.4,1.4,0.2,0.0,1927.5170386102006,1736.8634103107136,190.65362829948708
2025-2026_West Ham_Crystal Palace,2025-2026,,2025-09-20,15:00,West Ham,Crystal Palace,1,2,A,0.0,1.0,A,T Harrington,8.0,18.0,3.0,3.0,8.0,8.0,15.0,5.0,3.0,3.0,0.0,0.0,0,3,5,9,1,0.8,1.6,11.6,12.8,3.8,5.4,4.0,3.4,2.0,1.6,0.2,0.0,1620.9346943216208,1767.7883517074786,-146.8536573858578
2025-2026_Bournemouth_Newcastle,2025-2026,,2025-09-21,14:00,Bournemouth,Newcastle,0,0,D,0.0,0.0,D,R Jones,11.0,4.0,2.0,1.0,5.0,2.0,7.0,10.0,2.0,1.0,0.0,0.0,1,1,6,9,1,1.2,0.4,13.0,12.2,4.2,3.6,6.6,5.8,2.8,1.8,0.2,0.0,1743.297122687925,1773.1635308575367,-29.86640816961176
2025-2026_Sunderland_Aston Villa,2025-2026,,2025-09-21,14:00,Sunderland,Aston Villa,1,1,D,0.0,0.0,D,S Barrott,14.0,12.0,4.0,2.0,6.0,5.0,14.0,8.0,2.0,1.0,1.0,0.0,1,1,6,9,1,1.4,0.4,13.2,8.6,4.2,2.0,6.0,3.4,2.2,2.6,0.0,0.4,1547.872874545051,1767.3890839232179,-219.51620937816688
2025-2026_Arsenal_Man City,2025-2026,,2025-09-21,16:30,Arsenal,Man City,1,1,D,0.0,1.0,A,S Attwell,12.0,5.0,3.0,3.0,11.0,2.0,11.0,10.0,1.0,2.0,0.0,0.0,1,1,6,9,1,2.4,1.8,14.2,17.0,4.8,4.8,5.0,6.8,1.0,0.8,0.0,0.0,1889.025127155601,1856.8960110772275,32.1291160783735
2025-2026_Man City_Burnley,2025-2026,,2025-09-27,15:00,Man City,Burnley,5,1,H,1.0,1.0,D,R Jones,21.0,9.0,8.0,2.0,10.0,2.0,5.0,7.0,1.0,3.0,0.0,0.0,3,0,5,9,1,1.8,1.6,11.6,11.8,4.6,5.2,5.2,3.2,1.0,2.6,0.2,0.0,1860.3772088062258,1531.6036327032289,328.7735761029969
2025-2026_Tottenham_Wolves,2025-2026,,2025-09-27,20:00,Tottenham,Wolves,1,1,D,0.0,0.0,D,M Salisbury,10.0,9.0,3.0,3.0,10.0,9.0,9.0,11.0,3.0,2.0,0.0,0.0,1,1,5,9,1,1.0,0.6,11.0,7.2,3.2,2.0,3.8,4.8,1.4,2.6,0.0,0.2,1648.9318428867955,1595.8112584107353,53.12058447606023
2025-2026_Nott'm Forest_Sunderland,2025-2026,,2025-09-27,17:30,Nott'M Forest,Sunderland,0,1,A,0.0,1.0,A,T Harrington,22.0,11.0,6.0,3.0,7.0,4.0,11.0,6.0,4.0,2.0,0.0,0.0,0,3,5,9,1,1.0,0.6,12.2,8.0,3.8,2.2,5.8,2.8,1.8,1.2,0.0,0.0,1708.2743147470144,1554.6611780038443,153.61313674317012
2025-2026_Leeds_Bournemouth,2025-2026,,2025-09-27,15:00,Leeds,Bournemouth,2,2,D,1.0,1.0,D,M Oliver,19.0,12.0,8.0,5.0,7.0,4.0,12.0,13.0,2.0,2.0,0.0,0.0,1,1,5,9,1,1.0,1.2,14.4,12.4,2.6,3.4,5.8,4.6,2.2,3.0,0.2,0.2,1587.8968225428512,1742.4288573455399,-154.5320348026887
2025-2026_Crystal Palace_Liverpool,2025-2026,,2025-09-27,15:00,Crystal Palace,Liverpool,2,1,H,1.0,0.0,H,C Kavanagh,16.0,20.0,7.0,4.0,2.0,6.0,10.0,8.0,1.0,3.0,0.0,0.0,3,0,5,9,1,1.2,1.6,12.2,17.8,4.6,5.0,3.6,7.2,2.2,1.8,0.2,0.0,1778.7118955372805,1933.5217474434426,-154.80985190616207
2025-2026_Chelsea_Brighton,2025-2026,,2025-09-27,15:00,Chelsea,Brighton,1,3,A,1.0,0.0,H,S Hooper,13.0,12.0,3.0,3.0,5.0,7.0,9.0,16.0,3.0,5.0,1.0,0.0,0,3,5,9,1,1.4,1.8,14.0,12.2,5.2,3.8,7.4,5.8,1.4,2.4,0.0,0.2,1804.335272021467,1742.4397613669057,61.89551065456135
2025-2026_Brentford_Man United,2025-2026,,2025-09-27,12:30,Brentford,Man United,3,1,H,2.0,1.0,H,C Pawson,10.0,14.0,8.0,6.0,4.0,2.0,14.0,10.0,2.0,2.0,0.0,0.0,3,0,5,9,1,2.6,1.0,11.0,13.0,5.2,3.4,4.6,5.2,2.2,2.2,0.0,0.0,1698.2548485223156,1674.7568380114458,23.49801051086979
2025-2026_Aston Villa_Fulham,2025-2026,,2025-09-28,14:00,Aston Villa,Fulham,3,1,H,1.0,1.0,D,A Madley,9.0,11.0,4.0,4.0,2.0,8.0,10.0,13.0,1.0,4.0,0.0,0.0,3,0,6,9,1,1.4,1.2,13.4,14.2,5.2,4.0,6.8,5.2,1.0,3.0,0.2,0.0,1760.6007804644246,1713.687869237307,46.91291122711755
2025-2026_Newcastle_Arsenal,2025-2026,,2025-09-28,16:30,Newcastle,Arsenal,1,2,A,1.0,0.0,H,J Gillett,8.0,20.0,3.0,7.0,7.0,12.0,8.0,9.0,2.0,1.0,0.0,0.0,0,3,6,9,1,1.6,1.8,16.6,16.4,4.8,5.2,8.4,6.6,1.8,1.4,0.2,0.2,1774.0317961999217,1885.5439294266027,-111.51213322668104
2025-2026_Everton_West Ham,2025-2026,,2025-09-29,20:00,Everton,West Ham,1,1,D,1.0,0.0,H,S Barrott,12.0,14.0,6.0,3.0,3.0,5.0,7.0,16.0,3.0,4.0,0.0,0.0,1,1,0,9,0,1.2,2.0,12.0,11.0,3.2,5.2,4.2,4.0,3.2,0.8,0.0,0.0,1730.8587014774716,1610.0111504918189,120.84755098565279
2025-2026_Bournemouth_Fulham,2025-2026,,2025-10-03,20:00,Bournemouth,Fulham,3,1,H,0.0,0.0,D,S Hooper,11.0,12.0,6.0,4.0,4.0,3.0,8.0,10.0,0.0,1.0,0.0,0.0,3,0,4,10,0,1.0,1.0,13.6,11.2,4.4,3.8,6.6,4.2,2.4,3.6,0.0,0.0,1738.047264578588,1702.7666945548647,35.280570023723385
2025-2026_Arsenal_West Ham,2025-2026,,2025-10-04,15:00,Arsenal,West Ham,2,0,H,1.0,0.0,H,J Brooks,21.0,4.0,5.0,0.0,8.0,3.0,14.0,14.0,0.0,2.0,0.0,0.0,3,0,5,10,1,2.2,1.8,14.2,11.4,4.2,5.0,6.6,4.8,1.0,1.4,0.0,0.0,1897.9156414687275,1616.845081343666,281.07056012506155
2025-2026_Man United_Sunderland,2025-2026,,2025-10-04,15:00,Man United,Sunderland,2,0,H,2.0,0.0,H,S Attwell,15.0,8.0,6.0,3.0,2.0,3.0,10.0,12.0,1.0,4.0,0.0,0.0,3,0,5,10,1,1.4,0.4,20.8,7.8,6.4,1.8,5.4,2.8,0.8,1.4,0.2,0.0,1662.8835003526474,1577.5668633265043,85.3166370261431
2025-2026_Leeds_Tottenham,2025-2026,,2025-10-04,12:30,Leeds,Tottenham,1,2,A,1.0,1.0,D,T Bramall,16.0,9.0,4.0,3.0,4.0,1.0,10.0,12.0,2.0,3.0,0.0,0.0,0,3,5,10,1,1.2,1.6,15.6,9.4,3.6,3.2,6.6,5.8,1.8,2.2,0.2,0.0,1592.278415309803,1644.6060537129536,-52.32763840315056
2025-2026_Chelsea_Liverpool,2025-2026,,2025-10-04,17:30,Chelsea,Liverpool,2,1,H,1.0,0.0,H,A Taylor,12.0,12.0,6.0,2.0,7.0,2.0,9.0,8.0,0.0,2.0,0.0,0.0,3,0,5,10,1,1.4,1.6,14.6,16.2,4.4,3.8,6.4,5.8,2.0,2.0,0.2,0.0,1784.6647302682768,1914.1291863405838,-129.46445607230703
2025-2026_Brentford_Man City,2025-2026,,2025-10-05,16:30,Brentford,Man City,0,1,A,0.0,1.0,A,D England,6.0,10.0,1.0,4.0,3.0,2.0,10.0,6.0,3.0,2.0,0.0,0.0,0,3,6,10,1,2.4,1.6,9.8,15.6,5.2,4.0,4.6,6.2,2.0,1.2,0.0,0.0,1710.128186181114,1863.4229528767878,-153.29476669567384
2025-2026_Wolves_Brighton,2025-2026,,2025-10-05,14:00,Wolves,Brighton,1,1,D,1.0,0.0,H,J Gillett,6.0,17.0,3.0,6.0,2.0,8.0,13.0,9.0,2.0,4.0,0.0,0.0,1,1,6,10,1,0.8,2.0,13.0,12.2,4.4,3.8,5.0,5.6,1.0,2.8,0.0,0.0,1600.1370475845772,1762.110303120096,-161.97325553551877
2025-2026_Aston Villa_Burnley,2025-2026,,2025-10-05,14:00,Aston Villa,Burnley,2,1,H,1.0,0.0,H,A Kitchen,15.0,5.0,7.0,2.0,6.0,4.0,9.0,15.0,3.0,1.0,0.0,0.0,3,0,6,10,1,1.2,1.0,10.6,10.4,4.2,3.8,5.8,3.2,1.0,3.2,0.2,0.0,1771.521955146867,1528.5578886326668,242.9640665142001
2025-2026_Everton_Crystal Palace,2025-2026,,2025-10-05,14:00,Everton,Crystal Palace,2,1,H,0.0,1.0,A,M Salisbury,14.0,15.0,7.0,8.0,2.0,4.0,13.0,16.0,2.0,3.0,0.0,0.0,3,0,6,10,1,1.4,1.6,12.8,13.4,3.8,5.2,4.4,3.8,3.0,2.0,0.0,0.0,1724.0247706256246,1798.1044566401392,-74.07968601451466
2025-2026_Newcastle_Nott'm Forest,2025-2026,,2025-10-05,14:00,Newcastle,Nott'M Forest,2,0,H,0.0,0.0,D,P Bankes,18.0,5.0,9.0,4.0,8.0,1.0,16.0,15.0,0.0,4.0,0.0,0.0,3,0,6,10,1,1.2,1.0,13.2,10.6,4.4,3.8,7.6,4.6,2.0,3.2,0.2,0.0,1761.660084157797,1685.3686294243544,76.2914547334426
2025-2026_Nott'm Forest_Chelsea,2025-2026,,2025-10-18,12:30,Nott'M Forest,Chelsea,0,3,A,0.0,0.0,D,C Kavanagh,12.0,17.0,2.0,6.0,5.0,2.0,13.0,16.0,2.0,2.0,0.0,1.0,0,3,5,10,1,1.0,1.8,13.8,9.8,4.0,3.8,6.4,5.6,2.0,2.4,0.0,0.4,1675.5929749986562,1803.036889750719,-127.44391475206271
2025-2026_Brighton_Newcastle,2025-2026,,2025-10-18,15:00,Brighton,Newcastle,2,1,H,1.0,0.0,H,C Pawson,13.0,16.0,5.0,3.0,8.0,4.0,9.0,9.0,0.0,1.0,0.0,0.0,3,0,5,10,1,1.8,0.2,12.8,11.0,5.8,3.2,2.6,4.8,1.8,1.4,0.0,0.0,1757.436730479202,1771.435738583495,-13.999008104293125
2025-2026_Burnley_Leeds,2025-2026,,2025-10-18,15:00,Burnley,Leeds,2,0,H,1.0,0.0,H,T Robinson,4.0,19.0,3.0,4.0,1.0,5.0,10.0,7.0,2.0,1.0,0.0,0.0,3,0,5,10,1,1.0,1.0,11.8,7.0,3.0,2.6,3.4,2.2,0.8,2.2,0.0,0.0,1523.8705380428048,1577.3789060342822,-53.50836799147737
2025-2026_Crystal Palace_Bournemouth,2025-2026,,2025-10-18,15:00,Crystal Palace,Bournemouth,3,3,D,0.0,2.0,A,J Gillett,20.0,8.0,7.0,5.0,6.0,5.0,8.0,16.0,1.0,4.0,0.0,0.0,1,1,5,10,1,1.6,1.6,14.4,11.8,6.0,3.6,3.0,4.6,1.8,2.6,0.0,0.2,1782.0665143948884,1749.4376098766697,32.62890451821863
2025-2026_Man City_Everton,2025-2026,,2025-10-18,15:00,Man City,Everton,2,0,H,0.0,0.0,D,T Harrington,19.0,5.0,7.0,1.0,11.0,3.0,8.0,14.0,0.0,2.0,0.0,0.0,3,0,5,10,1,2.4,1.6,13.0,10.2,5.0,4.0,5.2,3.2,0.6,2.0,0.2,0.0,1874.0902700652389,1740.0627128708754,134.02755719436345
2025-2026_Sunderland_Wolves,2025-2026,,2025-10-18,15:00,Sunderland,Wolves,2,0,H,1.0,0.0,H,R Jones,8.0,16.0,2.0,3.0,3.0,2.0,5.0,12.0,0.0,0.0,0.0,0.0,3,0,5,10,1,1.2,0.6,13.2,8.2,4.2,2.2,5.6,6.2,2.4,2.4,0.2,0.2,1568.1304452613049,1604.8106202254712,-36.680174964166326
2025-2026_Fulham_Arsenal,2025-2026,,2025-10-18,17:30,Fulham,Arsenal,0,1,A,0.0,0.0,D,A Taylor,9.0,16.0,0.0,5.0,6.0,10.0,11.0,4.0,0.0,0.0,0.0,0.0,0,3,5,10,1,1.2,1.4,12.6,15.6,3.8,5.2,4.0,6.6,1.4,1.6,0.0,0.2,1691.376349256783,1901.799260299424,-210.4229110426411
2025-2026_Tottenham_Aston Villa,2025-2026,,2025-10-19,14:00,Tottenham,Aston Villa,1,2,A,1.0,1.0,D,S Hooper,9.0,8.0,3.0,2.0,6.0,6.0,11.0,7.0,2.0,0.0,0.0,0.0,0,3,6,10,1,1.0,0.4,8.6,9.6,2.6,1.8,4.4,4.0,1.8,2.2,0.0,0.4,1659.5055629884744,1776.209305736729,-116.70374274825463
2025-2026_Liverpool_Man United,2025-2026,,2025-10-19,16:30,Liverpool,Man United,1,2,A,0.0,1.0,A,M Oliver,19.0,12.0,6.0,4.0,9.0,4.0,8.0,14.0,0.0,2.0,0.0,0.0,0,3,6,10,1,2.0,1.0,13.4,10.8,4.8,3.4,5.6,3.6,1.4,2.2,0.2,0.0,1895.7570268581417,1672.3199184178468,223.43710844029488
2025-2026_West Ham_Brentford,2025-2026,,2025-10-20,20:00,West Ham,Brentford,0,2,A,0.0,1.0,A,A Madley,7.0,22.0,1.0,7.0,6.0,10.0,10.0,10.0,1.0,1.0,0.0,0.0,0,3,0,10,0,0.8,1.0,10.8,10.6,3.6,4.4,5.2,5.6,2.2,2.0,0.2,0.0,1612.9614625129693,1699.4608689926629,-86.49940647969356
2025-2026_Leeds_West Ham,2025-2026,,2025-10-24,20:00,Leeds,West Ham,2,1,H,2.0,0.0,H,S Attwell,13.0,9.0,5.0,3.0,3.0,4.0,12.0,11.0,3.0,3.0,0.0,0.0,3,0,4,10,0,1.0,1.4,17.0,10.4,3.6,4.2,7.0,4.4,1.6,1.6,0.0,0.0,1562.2274427603957,1599.5314970226275,-37.30405426223183
2025-2026_Brentford_Liverpool,2025-2026,,2025-10-25,20:00,Brentford,Liverpool,3,2,H,2.0,1.0,H,S Hooper,17.0,18.0,8.0,5.0,5.0,4.0,7.0,10.0,3.0,2.0,0.0,0.0,3,0,5,10,1,1.6,1.6,8.6,16.4,4.2,3.8,3.8,5.0,2.6,2.0,0.0,0.0,1712.8908344830047,1870.9063038828854,-158.01546939988066
2025-2026_Man United_Brighton,2025-2026,,2025-10-25,17:30,Man United,Brighton,4,2,H,2.0,0.0,H,A Taylor,13.0,17.0,9.0,5.0,1.0,6.0,4.0,13.0,2.0,2.0,0.0,0.0,3,0,5,10,1,1.8,1.8,19.8,14.2,6.6,4.6,4.2,6.4,1.0,3.4,0.2,0.0,1697.170641393103,1770.8879816928034,-73.71734029970025
2025-2026_Chelsea_Sunderland,2025-2026,,2025-10-25,15:00,Chelsea,Sunderland,1,2,A,1.0,1.0,D,A Madley,16.0,10.0,7.0,4.0,9.0,1.0,15.0,13.0,1.0,1.0,0.0,0.0,0,3,5,10,1,1.2,0.4,13.6,8.2,4.2,2.0,7.2,2.8,1.6,1.8,0.2,0.0,1814.7476627611647,1582.555663758815,232.1919990023498
2025-2026_Newcastle_Fulham,2025-2026,,2025-10-25,15:00,Newcastle,Fulham,2,1,H,1.0,0.0,H,P Bankes,18.0,12.0,7.0,5.0,4.0,3.0,11.0,18.0,0.0,2.0,0.0,0.0,3,0,5,10,1,1.2,1.2,13.8,11.4,5.0,4.0,8.8,4.2,1.2,2.8,0.2,0.0,1757.9844873698937,1682.8487985819386,75.13568878795513
2025-2026_Arsenal_Crystal Palace,2025-2026,,2025-10-26,14:00,Arsenal,Crystal Palace,1,0,H,1.0,0.0,H,T Bramall,10.0,7.0,3.0,1.0,4.0,3.0,6.0,11.0,0.0,0.0,0.0,0.0,3,0,6,10,1,2.4,1.4,15.8,11.8,4.4,4.8,7.8,3.0,1.0,2.4,0.0,0.0,1910.3268109742685,1778.564908084283,131.76190288998555
2025-2026_Aston Villa_Man City,2025-2026,,2025-10-26,14:00,Aston Villa,Man City,1,0,H,1.0,0.0,H,M Oliver,9.0,18.0,3.0,4.0,5.0,6.0,8.0,16.0,1.0,4.0,0.0,0.0,3,0,6,10,1,1.4,1.8,11.6,12.4,5.0,3.8,6.0,3.6,1.6,1.6,0.2,0.0,1788.364342899439,1881.8132935308377,-93.4489506313987
2025-2026_Bournemouth_Nott'm Forest,2025-2026,,2025-10-26,14:00,Bournemouth,Nott'M Forest,2,0,H,2.0,0.0,H,S Barrott,13.0,8.0,5.0,4.0,6.0,4.0,17.0,7.0,3.0,1.0,0.0,0.0,3,0,6,10,1,1.6,0.8,13.8,9.2,4.8,3.8,5.4,4.0,1.6,2.4,0.0,0.0,1752.9392161872752,1663.8822019882105,89.05701419906472
2025-2026_Wolves_Burnley,2025-2026,,2025-10-26,14:00,Wolves,Burnley,2,3,A,2.0,2.0,D,T Harrington,15.0,11.0,7.0,7.0,5.0,3.0,12.0,7.0,1.0,0.0,0.0,0.0,0,3,6,10,1,1.0,1.0,12.2,8.2,4.4,2.8,4.0,3.0,1.2,2.8,0.0,0.0,1590.3854017279612,1539.0220013166913,51.36340041126982
2025-2026_Everton_Tottenham,2025-2026,,2025-10-26,16:30,Everton,Tottenham,0,3,A,0.0,2.0,A,C Pawson,12.0,7.0,2.0,4.0,9.0,8.0,9.0,8.0,2.0,0.0,0.0,0.0,0,3,6,10,1,1.4,1.8,14.0,9.8,4.6,3.4,4.2,5.4,2.6,2.4,0.0,0.0,1732.3396894052767,1647.3505258257644,84.98916357951225
2025-2026_Tottenham_Chelsea,2025-2026,,2025-11-01,17:30,Tottenham,Chelsea,0,1,A,0.0,1.0,A,J Gillett,3.0,15.0,1.0,9.0,6.0,5.0,14.0,12.0,4.0,2.0,0.0,0.0,0,3,5,11,1,1.2,2.4,8.8,11.2,3.0,4.4,4.8,4.4,2.0,2.4,0.0,0.4,1667.9019103344056,1789.6855168880388,-121.78360655363326
2025-2026_Liverpool_Aston Villa,2025-2026,,2025-11-01,20:00,Liverpool,Aston Villa,2,0,H,1.0,0.0,H,S Attwell,16.0,10.0,4.0,3.0,1.0,4.0,13.0,11.0,2.0,3.0,0.0,0.0,3,0,5,11,1,1.8,0.6,14.4,10.0,5.0,1.6,6.8,5.2,1.2,1.6,0.2,0.2,1851.3875577789759,1805.2304668880652,46.157090890910695
2025-2026_Nott'm Forest_Man United,2025-2026,,2025-11-01,15:00,Nott'M Forest,Man United,2,2,D,0.0,1.0,A,D England,17.0,18.0,3.0,7.0,8.0,5.0,10.0,7.0,1.0,1.0,0.0,0.0,1,1,5,11,1,0.6,0.8,13.2,10.4,3.6,3.2,6.6,3.6,1.8,2.2,0.0,0.0,1654.5844941121713,1713.1930137021739,-58.608519590002516
2025-2026_Brighton_Leeds,2025-2026,,2025-11-01,15:00,Brighton,Leeds,3,0,H,1.0,0.0,H,M Oliver,14.0,5.0,7.0,2.0,4.0,7.0,10.0,7.0,0.0,1.0,0.0,0.0,3,0,5,11,1,2.0,0.8,14.4,10.0,6.4,3.0,4.0,3.0,1.4,1.8,0.0,0.0,1754.8656093837326,1576.6795585647455,178.18605081898704
2025-2026_Crystal Palace_Brentford,2025-2026,,2025-11-01,15:00,Crystal Palace,Brentford,2,0,H,1.0,0.0,H,P Bankes,9.0,6.0,2.0,2.0,6.0,5.0,7.0,11.0,0.0,3.0,0.0,0.0,3,0,5,11,1,2.0,1.2,14.4,12.0,6.8,4.8,2.8,6.4,1.4,1.4,0.0,0.0,1770.7668534660088,1732.4095805869142,38.35727287909458
2025-2026_Burnley_Arsenal,2025-2026,,2025-11-01,15:00,Burnley,Arsenal,0,2,A,0.0,2.0,A,C Kavanagh,3.0,12.0,0.0,8.0,1.0,6.0,10.0,13.0,2.0,1.0,0.0,0.0,0,3,5,11,1,1.2,1.2,9.2,15.8,2.6,4.8,2.8,8.4,0.8,1.4,0.0,0.0,1558.2781350728744,1918.1248655925426,-359.8467305196682
2025-2026_Fulham_Wolves,2025-2026,,2025-11-01,15:00,Fulham,Wolves,3,0,H,1.0,0.0,H,J Brooks,19.0,5.0,6.0,2.0,10.0,1.0,13.0,14.0,1.0,3.0,0.0,1.0,3,0,5,11,1,1.0,0.6,10.8,10.2,2.6,2.6,4.2,5.6,1.2,2.4,0.0,0.2,1673.0292479973432,1571.129267971778,101.89998002556513
2025-2026_West Ham_Newcastle,2025-2026,,2025-11-02,14:00,West Ham,Newcastle,3,1,H,2.0,1.0,H,R Jones,15.0,12.0,9.0,4.0,7.0,6.0,5.0,10.0,1.0,2.0,0.0,0.0,3,0,6,11,1,0.6,0.2,10.0,11.6,3.4,2.8,6.2,4.8,2.0,1.4,0.2,0.0,1585.0793812182776,1767.804037954489,-182.7246567362115
2025-2026_Man City_Bournemouth,2025-2026,,2025-11-02,16:30,Man City,Bournemouth,3,1,H,2.0,1.0,H,A Taylor,15.0,8.0,8.0,5.0,10.0,4.0,8.0,11.0,2.0,2.0,0.0,0.0,3,0,6,11,1,2.6,1.8,15.0,11.6,6.0,4.2,6.6,5.0,0.6,3.0,0.2,0.2,1864.9471695422114,1762.2369240633143,102.71024547889715
2025-2026_Sunderland_Everton,2025-2026,,2025-11-03,20:00,Sunderland,Everton,1,1,D,0.0,1.0,A,T Bramall,17.0,8.0,3.0,2.0,4.0,1.0,10.0,12.0,3.0,2.0,0.0,0.0,1,1,0,11,0,1.6,1.0,11.4,9.0,3.6,2.8,5.0,2.8,1.8,2.4,0.2,0.0,1607.6178096319409,1711.7883048966355,-104.17049526469464
2025-2026_Chelsea_Wolves,2025-2026,,2025-11-08,20:00,Chelsea,Wolves,3,0,H,0.0,0.0,D,A Kitchen,20.0,3.0,8.0,0.0,10.0,1.0,12.0,14.0,1.0,2.0,0.0,0.0,3,0,5,11,1,1.2,0.2,14.6,8.8,5.0,2.4,7.6,3.8,1.6,2.6,0.2,0.4,1801.6297276852943,1562.2991215638383,239.33060612145596
2025-2026_Sunderland_Arsenal,2025-2026,,2025-11-08,17:30,Sunderland,Arsenal,2,2,D,1.0,0.0,H,C Pawson,6.0,17.0,2.0,7.0,2.0,2.0,13.0,13.0,2.0,1.0,0.0,0.0,1,1,5,11,1,1.8,1.2,12.2,13.6,3.4,4.8,4.2,8.0,1.6,1.6,0.2,0.0,1609.9377692447322,1922.4405626998125,-312.50279345508034
2025-2026_West Ham_Burnley,2025-2026,,2025-11-08,15:00,West Ham,Burnley,3,2,H,1.0,1.0,D,M Salisbury,15.0,16.0,6.0,7.0,7.0,4.0,15.0,13.0,2.0,2.0,0.0,0.0,3,0,5,11,1,1.0,1.4,9.8,9.0,4.2,3.6,6.0,3.0,1.0,1.8,0.2,0.0,1605.5461872154858,1553.9624379656045,51.58374924988129
2025-2026_Tottenham_Man United,2025-2026,,2025-11-08,12:30,Tottenham,Man United,2,2,D,0.0,1.0,A,S Barrott,10.0,5.0,4.0,2.0,5.0,3.0,10.0,8.0,5.0,1.0,0.0,0.0,1,1,5,11,1,1.0,1.2,8.6,13.2,2.8,4.4,5.6,4.2,2.2,1.2,0.0,0.0,1655.9576995371501,1712.8214300728216,-56.86373053567149
2025-2026_Everton_Fulham,2025-2026,,2025-11-08,15:00,Everton,Fulham,2,0,H,1.0,0.0,H,A Madley,14.0,8.0,5.0,4.0,7.0,5.0,11.0,14.0,2.0,2.0,0.0,0.0,3,0,5,11,1,1.0,0.8,13.8,10.6,4.0,3.6,5.2,4.2,2.8,2.4,0.0,0.0,1709.4683452838442,1681.859394405283,27.608950878561245
2025-2026_Aston Villa_Bournemouth,2025-2026,,2025-11-09,14:00,Aston Villa,Bournemouth,4,0,H,2.0,0.0,H,J Brooks,16.0,13.0,8.0,4.0,6.0,9.0,8.0,20.0,2.0,2.0,0.0,0.0,3,0,6,11,1,1.2,1.8,9.8,11.6,4.2,4.8,5.2,5.6,1.6,2.8,0.2,0.0,1794.2790557907012,1753.4358132240095,40.84324256669174
2025-2026_Brentford_Newcastle,2025-2026,,2025-11-09,14:00,Brentford,Newcastle,3,1,H,0.0,1.0,A,S Attwell,15.0,5.0,7.0,1.0,6.0,2.0,10.0,13.0,2.0,1.0,0.0,0.0,3,0,6,11,1,1.8,0.4,9.8,11.2,4.6,2.6,3.8,4.6,2.4,1.2,0.0,0.0,1721.1441056513604,1747.337231957281,-26.193126305920487
2025-2026_Crystal Palace_Brighton,2025-2026,,2025-11-09,14:00,Crystal Palace,Brighton,0,0,D,0.0,0.0,D,T Robinson,10.0,7.0,2.0,3.0,4.0,8.0,10.0,12.0,1.0,4.0,0.0,0.0,1,1,6,11,1,1.6,1.4,13.4,13.0,5.2,4.0,4.0,5.4,1.2,3.6,0.0,0.0,1782.0323284015626,1761.2224391596292,20.809889241933433
2025-2026_Nott'm Forest_Leeds,2025-2026,,2025-11-09,14:00,Nott'M Forest,Leeds,3,1,H,1.0,1.0,D,J Gillett,14.0,10.0,6.0,3.0,6.0,4.0,10.0,11.0,2.0,1.0,0.0,0.0,3,0,6,11,1,1.0,0.6,14.6,8.6,3.8,2.8,6.8,3.4,1.6,1.4,0.0,0.0,1654.9560777415236,1570.322728788849,84.63334895267462
2025-2026_Man City_Liverpool,2025-2026,,2025-11-09,16:30,Man City,Liverpool,3,0,H,2.0,0.0,H,C Kavanagh,14.0,7.0,6.0,1.0,7.0,7.0,14.0,15.0,2.0,4.0,0.0,0.0,3,0,6,11,1,2.6,1.6,15.6,16.4,6.6,3.8,8.0,5.2,0.8,2.4,0.0,0.0,1873.7482803815162,1862.3389688763398,11.409311505176447
2025-2026_Liverpool_Nott'm Forest,2025-2026,,2025-11-22,15:00,Liverpool,Nott'M Forest,0,3,A,0.0,1.0,A,A Madley,21.0,15.0,4.0,7.0,8.0,6.0,11.0,8.0,2.0,0.0,0.0,0.0,0,3,5,11,1,2.0,0.4,14.8,8.8,5.2,3.6,4.8,3.4,1.4,2.0,0.0,0.0,1849.9629537310234,1664.4179559340732,185.54499779695016
2025-2026_Fulham_Sunderland,2025-2026,,2025-11-22,15:00,Fulham,Sunderland,1,0,H,0.0,0.0,D,D England,24.0,4.0,6.0,2.0,7.0,4.0,5.0,13.0,3.0,3.0,0.0,0.0,3,0,5,11,1,1.6,0.6,12.0,8.8,3.2,2.2,6.0,2.8,1.4,1.8,0.0,0.0,1670.155403259372,1619.5144390077849,50.64096425158709
2025-2026_Newcastle_Man City,2025-2026,,2025-11-22,17:30,Newcastle,Man City,2,1,H,0.0,0.0,D,S Barrott,9.0,17.0,5.0,4.0,5.0,9.0,13.0,8.0,1.0,3.0,0.0,0.0,3,0,5,11,1,1.6,1.4,14.0,12.0,5.2,3.6,7.2,3.6,1.0,2.4,0.2,0.0,1733.3634517088897,1886.1242955268326,-152.76084381794294
2025-2026_Bournemouth_West Ham,2025-2026,,2025-11-22,15:00,Bournemouth,West Ham,2,2,D,0.0,2.0,A,T Bramall,28.0,5.0,10.0,2.0,9.0,2.0,9.0,10.0,3.0,2.0,0.0,0.0,1,1,5,11,1,1.6,1.0,12.4,10.2,4.4,3.6,5.4,5.2,2.2,2.0,0.0,0.0,1742.2708327425464,1616.2813077167016,125.98952502584484
2025-2026_Brighton_Brentford,2025-2026,,2025-11-22,15:00,Brighton,Brentford,2,1,H,0.0,1.0,A,C Kavanagh,14.0,10.0,5.0,4.0,7.0,4.0,10.0,9.0,4.0,2.0,0.0,0.0,3,0,5,11,1,2.0,1.0,12.2,10.6,5.4,3.8,4.2,6.8,1.2,1.8,0.0,0.0,1764.2379113670186,1735.1178858997516,29.12002546726694
2025-2026_Wolves_Crystal Palace,2025-2026,,2025-11-22,15:00,Wolves,Crystal Palace,0,2,A,0.0,0.0,D,A Taylor,8.0,10.0,1.0,4.0,1.0,4.0,13.0,9.0,2.0,3.0,0.0,0.0,0,3,5,11,1,1.2,1.2,11.6,11.6,4.6,4.0,3.4,3.6,1.0,2.4,0.0,0.0,1557.5284531732436,1779.0168561941732,-221.48840302092958
2025-2026_Burnley_Chelsea,2025-2026,,2025-11-22,12:30,Burnley,Chelsea,0,2,A,0.0,1.0,A,P Bankes,8.0,15.0,2.0,5.0,1.0,9.0,13.0,8.0,2.0,3.0,0.0,0.0,0,3,5,11,1,1.0,2.4,5.8,13.0,2.0,5.8,2.2,4.6,1.0,2.4,0.0,0.4,1543.2273174643888,1806.400396075889,-263.17307861150016
2025-2026_Leeds_Aston Villa,2025-2026,,2025-11-23,14:00,Leeds,Aston Villa,1,2,A,1.0,0.0,H,R Jones,14.0,14.0,5.0,3.0,3.0,3.0,18.0,16.0,5.0,1.0,0.0,0.0,0,3,6,11,1,1.2,0.6,15.8,10.8,4.2,2.0,5.2,5.4,1.6,1.8,0.0,0.0,1560.8608505962993,1805.4440362721643,-244.58318567586502
2025-2026_Arsenal_Tottenham,2025-2026,,2025-11-23,16:30,Arsenal,Tottenham,4,1,H,2.0,0.0,H,M Oliver,17.0,3.0,8.0,2.0,4.0,1.0,11.0,15.0,1.0,3.0,0.0,0.0,3,0,6,11,1,2.4,2.4,15.4,10.6,4.2,4.0,6.6,6.8,0.4,2.0,0.0,0.0,1912.8638929367598,1656.2539920606234,256.6099008761364
2025-2026_Man United_Everton,2025-2026,,2025-11-24,20:00,Man United,Everton,0,1,A,0.0,1.0,A,T Harrington,25.0,3.0,6.0,1.0,9.0,1.0,12.0,9.0,2.0,0.0,0.0,1.0,0,3,0,11,0,2.2,1.0,17.4,7.8,6.4,2.0,3.6,2.4,1.0,2.0,0.2,0.0,1712.5251375493483,1721.1723364297552,-8.647198880406904
2025-2026_Brentford_Burnley,2025-2026,,2025-11-29,15:00,Brentford,Burnley,3,1,H,0.0,0.0,D,S Barrott,14.0,6.0,4.0,2.0,5.0,6.0,7.0,7.0,0.0,2.0,0.0,0.0,3,0,5,11,1,2.2,1.8,11.0,9.4,5.6,4.2,4.6,2.8,2.6,2.2,0.0,0.0,1723.4759235154681,1536.426755907095,187.04916760837318
2025-2026_Man City_Leeds,2025-2026,,2025-11-29,15:00,Man City,Leeds,3,2,H,2.0,0.0,H,P Bankes,18.0,9.0,9.0,4.0,8.0,1.0,17.0,11.0,4.0,1.0,0.0,0.0,3,0,5,11,1,3.2,0.8,16.4,10.0,7.0,3.2,8.0,3.8,1.0,1.2,0.0,0.0,1866.812750174589,1553.4811289558486,313.33162121874034
2025-2026_Sunderland_Bournemouth,2025-2026,,2025-11-29,15:00,Sunderland,Bournemouth,3,2,H,1.0,2.0,A,T Robinson,12.0,18.0,6.0,6.0,6.0,3.0,14.0,13.0,5.0,5.0,0.0,1.0,3,0,5,11,1,1.6,1.4,11.4,12.2,2.8,5.0,3.6,6.0,2.0,2.8,0.2,0.0,1608.7418769012302,1735.2621751743327,-126.52029827310253
2025-2026_Everton_Newcastle,2025-2026,,2025-11-29,17:30,Everton,Newcastle,1,4,A,0.0,3.0,A,C Pawson,10.0,13.0,2.0,8.0,8.0,7.0,4.0,6.0,0.0,0.0,0.0,0.0,0,3,5,11,1,1.0,0.6,14.4,9.0,4.4,2.2,6.2,3.8,2.4,1.2,0.0,0.0,1737.9492972029657,1752.6749970611331,-14.725699858167445
2025-2026_Tottenham_Fulham,2025-2026,,2025-11-29,20:00,Tottenham,Fulham,1,2,A,0.0,2.0,A,S Attwell,14.0,7.0,2.0,3.0,8.0,2.0,11.0,7.0,3.0,2.0,0.0,0.0,0,3,5,11,1,0.8,0.6,7.4,10.8,2.4,4.0,5.4,4.6,3.2,2.2,0.0,0.0,1651.8689919716549,1680.9279653659266,-29.05897339427179
2025-2026_Chelsea_Arsenal,2025-2026,,2025-11-30,16:30,Chelsea,Arsenal,1,1,D,0.0,0.0,D,A Taylor,11.0,8.0,4.0,4.0,3.0,3.0,12.0,13.0,1.0,6.0,1.0,0.0,1,1,6,11,1,1.8,1.4,14.8,15.2,6.0,5.6,7.4,7.6,1.4,1.0,0.2,0.0,1813.2009576331827,1917.2488930257284,-104.0479353925457
2025-2026_West Ham_Liverpool,2025-2026,,2025-11-30,14:05,West Ham,Liverpool,0,2,A,0.0,0.0,D,D England,7.0,9.0,0.0,5.0,7.0,2.0,12.0,14.0,1.0,0.0,1.0,0.0,0,3,6,11,1,1.4,1.0,10.4,16.8,4.6,3.2,6.0,6.4,1.4,2.6,0.2,0.0,1623.2899652849153,1826.1101484310568,-202.82018314614152
2025-2026_Nott'm Forest_Brighton,2025-2026,,2025-11-30,14:05,Nott'M Forest,Brighton,0,2,A,0.0,1.0,A,M Oliver,19.0,17.0,3.0,6.0,9.0,2.0,11.0,10.0,0.0,1.0,0.0,0.0,0,3,6,11,1,1.0,1.4,15.2,11.8,4.0,3.8,7.0,6.6,1.8,3.8,0.0,0.0,1688.2707612340398,1775.879873751302,-87.60911251726225
2025-2026_Aston Villa_Wolves,2025-2026,,2025-11-30,14:05,Aston Villa,Wolves,1,0,H,0.0,0.0,D,C Kavanagh,16.0,9.0,6.0,4.0,7.0,3.0,13.0,21.0,0.0,4.0,0.0,0.0,3,0,6,11,1,2.0,0.2,12.4,8.2,5.2,2.2,5.8,3.4,1.8,2.2,0.0,0.2,1812.823757912615,1549.3842904695011,263.4394674431139
2025-2026_Crystal Palace_Man United,2025-2026,,2025-11-30,12:00,Crystal Palace,Man United,1,2,A,1.0,0.0,H,R Jones,14.0,14.0,3.0,6.0,4.0,4.0,14.0,14.0,3.0,2.0,0.0,0.0,0,3,6,11,1,1.4,1.4,13.8,12.2,4.8,4.2,4.6,3.6,0.8,1.2,0.0,0.0,1787.1610188979157,1695.7481767761378,91.41284212177789
2025-2026_Bournemouth_Everton,2025-2026,,2025-12-02,19:30,Bournemouth,Everton,0,1,A,0.0,0.0,D,M Salisbury,5.0,13.0,2.0,3.0,1.0,6.0,14.0,14.0,3.0,3.0,0.0,0.0,0,3,1,12,0,1.8,1.2,15.2,7.0,5.6,2.0,5.6,2.2,2.4,1.6,0.0,0.2,1717.0109285594115,1721.4315944189798,-4.420665859568317
2025-2026_Fulham_Man City,2025-2026,,2025-12-02,19:30,Fulham,Man City,4,5,A,1.0,3.0,A,C Pawson,12.0,11.0,6.0,4.0,7.0,2.0,9.0,7.0,0.0,1.0,0.0,0.0,0,3,1,12,0,1.6,0.8,14.2,12.4,3.6,3.6,5.6,4.2,1.8,2.6,0.0,0.0,1696.8309689330836,1870.1105074442953,-173.27953851121174
2025-2026_Newcastle_Tottenham,2025-2026,,2025-12-02,20:15,Newcastle,Tottenham,2,2,D,0.0,0.0,D,T Bramall,19.0,8.0,7.0,2.0,11.0,8.0,5.0,12.0,0.0,3.0,0.0,0.0,1,1,1,12,0,1.6,2.2,13.8,8.8,5.6,3.4,6.8,6.6,0.8,1.8,0.0,0.0,1769.192699845119,1635.965988404498,133.2267114406211
2025-2026_Arsenal_Brentford,2025-2026,,2025-12-03,19:30,Arsenal,Brentford,2,0,H,1.0,0.0,H,T Harrington,15.0,6.0,7.0,1.0,4.0,8.0,7.0,9.0,0.0,1.0,0.0,0.0,3,0,2,12,0,2.2,1.0,15.2,10.6,4.8,4.0,7.0,6.6,0.6,1.8,0.0,0.0,1914.9340984558107,1729.5809061333416,185.3531923224691
2025-2026_Brighton_Aston Villa,2025-2026,,2025-12-03,19:30,Brighton,Aston Villa,3,4,A,2.0,2.0,D,A Madley,16.0,14.0,7.0,10.0,5.0,6.0,10.0,9.0,2.0,2.0,0.0,0.0,0,3,2,12,0,2.2,1.0,13.0,10.2,5.6,2.2,4.8,4.2,1.4,1.6,0.0,0.0,1789.262470258782,1817.0636014312431,-27.801131172461055
2025-2026_Burnley_Crystal Palace,2025-2026,,2025-12-03,19:30,Burnley,Crystal Palace,0,1,A,0.0,1.0,A,T Kirk,11.0,3.0,4.0,3.0,3.0,4.0,9.0,8.0,0.0,0.0,0.0,0.0,0,3,2,12,0,0.6,1.6,6.0,11.2,2.0,4.0,1.6,4.0,1.4,2.4,0.0,0.0,1530.3217732892215,1766.3719411739055,-236.05016788468402
2025-2026_Wolves_Nott'm Forest,2025-2026,,2025-12-03,19:30,Wolves,Nott'M Forest,0,1,A,0.0,0.0,D,T Robinson,5.0,10.0,1.0,3.0,3.0,9.0,19.0,11.0,2.0,2.0,0.0,0.0,0,3,2,12,0,1.2,0.8,11.4,10.0,4.2,4.8,2.8,4.0,1.2,1.4,0.0,0.0,1545.144446950873,1674.8881647265598,-129.74371777568672
2025-2026_Leeds_Chelsea,2025-2026,,2025-12-03,20:15,Leeds,Chelsea,3,1,H,2.0,0.0,H,D England,17.0,14.0,5.0,2.0,4.0,2.0,10.0,13.0,1.0,1.0,0.0,0.0,3,0,2,12,0,1.2,1.8,14.4,13.6,4.6,5.4,4.4,5.4,2.6,2.8,0.0,0.4,1550.1833716861422,1815.5157522031004,-265.3323805169582
2025-2026_Liverpool_Sunderland,2025-2026,,2025-12-03,20:15,Liverpool,Sunderland,1,1,D,0.0,0.0,D,S Attwell,23.0,9.0,4.0,6.0,7.0,3.0,10.0,5.0,1.0,1.0,0.0,0.0,1,1,2,12,0,1.2,0.6,15.2,7.8,4.0,2.4,5.2,3.0,1.6,2.2,0.0,0.0,1834.9073239983845,1626.9931235161514,207.91420048223313
2025-2026_Man United_West Ham,2025-2026,,2025-12-04,20:00,Man United,West Ham,1,1,D,0.0,0.0,D,A Kitchen,17.0,11.0,4.0,3.0,6.0,6.0,13.0,9.0,2.0,2.0,0.0,0.0,1,1,3,12,0,2.2,1.4,18.0,8.8,6.2,3.2,4.8,4.2,1.2,2.2,0.2,0.0,1716.537254500148,1614.4927897175876,102.04446478256045
2025-2026_Aston Villa_Arsenal,2025-2026,,2025-12-06,12:30,Aston Villa,Arsenal,2,1,H,1.0,0.0,H,P Bankes,15.0,15.0,6.0,9.0,3.0,3.0,10.0,8.0,0.0,2.0,0.0,0.0,3,0,5,12,1,2.2,1.6,13.0,14.6,5.6,6.2,5.2,6.6,1.4,1.8,0.0,0.0,1833.020701579388,1921.0866914103199,-88.06598983093181
2025-2026_Bournemouth_Chelsea,2025-2026,,2025-12-06,15:00,Bournemouth,Chelsea,0,0,D,0.0,0.0,D,M Oliver,13.0,11.0,5.0,4.0,5.0,0.0,15.0,13.0,0.0,2.0,0.0,0.0,1,1,5,12,1,1.4,1.6,13.6,13.2,5.0,4.6,5.0,4.6,2.2,2.6,0.0,0.4,1700.0543222302776,1792.2511671888153,-92.19684495853767
2025-2026_Everton_Nott'm Forest,2025-2026,,2025-12-06,15:00,Everton,Nott'M Forest,3,0,H,2.0,0.0,H,C Kavanagh,11.0,7.0,5.0,3.0,6.0,3.0,17.0,15.0,4.0,3.0,0.0,0.0,3,0,5,12,1,1.2,1.0,12.4,11.0,4.4,5.2,5.8,5.0,1.8,1.6,0.0,0.0,1738.3882007481136,1686.5045599611099,51.88364078700374
2025-2026_Man City_Sunderland,2025-2026,,2025-12-06,15:00,Man City,Sunderland,3,0,H,2.0,0.0,H,A Madley,18.0,8.0,6.0,1.0,6.0,5.0,9.0,10.0,1.0,0.0,0.0,1.0,3,0,5,12,1,3.2,0.8,17.4,8.4,7.6,3.6,9.2,3.0,1.8,2.2,0.0,0.0,1880.0007659275698,1636.45144687215,243.5493190554198
2025-2026_Newcastle_Burnley,2025-2026,,2025-12-06,15:00,Newcastle,Burnley,2,1,H,2.0,0.0,H,S Attwell,17.0,9.0,7.0,3.0,9.0,9.0,9.0,11.0,2.0,2.0,0.0,1.0,3,0,5,12,1,1.8,1.6,14.4,9.4,6.2,4.0,7.0,3.8,0.6,1.6,0.0,0.0,1761.9421907586873,1522.665332406505,239.27685835218222
2025-2026_Tottenham_Brentford,2025-2026,,2025-12-06,15:00,Tottenham,Brentford,2,0,H,2.0,0.0,H,R Jones,15.0,4.0,7.0,1.0,7.0,6.0,8.0,9.0,3.0,4.0,0.0,0.0,3,0,5,12,1,1.0,0.8,9.2,10.4,2.6,3.4,7.0,7.4,3.4,1.6,0.0,0.0,1643.2164974909297,1723.4283131788325,-80.2118156879028
2025-2026_Leeds_Liverpool,2025-2026,,2025-12-06,17:30,Leeds,Liverpool,3,3,D,0.0,0.0,D,A Taylor,12.0,16.0,5.0,7.0,5.0,4.0,14.0,14.0,3.0,3.0,0.0,0.0,1,1,5,12,1,1.8,1.2,15.8,13.2,5.4,3.4,4.2,4.2,2.6,2.2,0.0,0.0,1573.4479567004273,1825.449000642386,-252.00104394195864
2025-2026_Brighton_West Ham,2025-2026,,2025-12-07,14:00,Brighton,West Ham,1,1,D,0.0,0.0,D,S Hooper,22.0,14.0,4.0,5.0,10.0,6.0,12.0,8.0,2.0,2.0,0.0,0.0,1,1,6,12,1,2.4,1.0,13.8,8.6,5.6,2.2,5.2,4.0,1.4,2.6,0.0,0.0,1773.305370110637,1620.6678249578883,152.63754515274877
2025-2026_Fulham_Crystal Palace,2025-2026,,2025-12-07,16:30,Fulham,Crystal Palace,1,2,A,1.0,1.0,D,S Barrott,12.0,11.0,4.0,5.0,6.0,4.0,5.0,8.0,0.0,0.0,0.0,0.0,0,3,6,12,1,2.2,1.2,15.6,10.6,4.2,3.8,6.4,4.6,1.6,1.8,0.0,0.0,1686.940710449809,1774.028382056622,-87.08767160681282
2025-2026_Wolves_Man United,2025-2026,,2025-12-08,20:00,Wolves,Man United,1,4,A,1.0,1.0,D,M Salisbury,8.0,27.0,2.0,10.0,1.0,9.0,17.0,12.0,3.0,2.0,0.0,0.0,0,3,0,12,0,0.8,1.8,10.0,12.6,3.6,5.0,3.0,3.6,1.6,1.6,0.0,0.0,1533.528051716323,1710.3622192598473,-176.83416754352425
2025-2026_Arsenal_Wolves,2025-2026,,2025-12-13,20:00,Arsenal,Wolves,2,1,H,0.0,0.0,D,R Jones,16.0,3.0,2.0,2.0,8.0,0.0,7.0,15.0,0.0,4.0,0.0,0.0,3,0,5,12,1,2.0,0.2,15.0,8.4,5.2,2.4,6.2,3.2,0.4,2.2,0.0,0.2,1904.4497950489895,1523.7729745848821,380.6768204641073
2025-2026_Burnley_Fulham,2025-2026,,2025-12-13,17:30,Burnley,Fulham,2,3,A,1.0,2.0,A,M Oliver,16.0,6.0,8.0,4.0,10.0,4.0,8.0,8.0,1.0,2.0,0.0,0.0,0,3,5,12,1,0.6,1.0,7.6,10.0,2.8,4.0,2.0,4.2,1.4,2.2,0.0,0.0,1517.893422576073,1673.535859687616,-155.64243711154313
2025-2026_Liverpool_Brighton,2025-2026,,2025-12-13,15:00,Liverpool,Brighton,2,0,H,1.0,0.0,H,C Pawson,18.0,14.0,4.0,1.0,2.0,2.0,8.0,15.0,1.0,2.0,0.0,0.0,3,0,5,12,1,1.2,1.6,18.0,14.0,4.2,4.6,6.0,6.2,1.4,3.2,0.0,0.0,1817.5937046346953,1765.4301495849834,52.16355504971193
2025-2026_Chelsea_Everton,2025-2026,,2025-12-13,15:00,Chelsea,Everton,2,0,H,2.0,0.0,H,T Bramall,17.0,11.0,5.0,2.0,4.0,7.0,13.0,11.0,1.0,0.0,0.0,0.0,3,0,5,12,1,1.6,0.8,14.4,7.6,5.6,1.8,6.8,3.0,1.2,2.0,0.4,0.2,1790.4382879149239,1749.1114234895722,41.32686442535169
2025-2026_Crystal Palace_Man City,2025-2026,,2025-12-14,14:00,Crystal Palace,Man City,0,3,A,0.0,1.0,A,D England,16.0,7.0,4.0,6.0,2.0,2.0,9.0,6.0,2.0,0.0,0.0,0.0,0,3,6,12,1,1.6,1.6,13.8,12.2,4.2,3.8,4.4,4.2,1.2,2.4,0.0,0.0,1787.433232818815,1884.6748076924293,-97.24157487361435
2025-2026_Nott'm Forest_Tottenham,2025-2026,,2025-12-14,14:00,Nott'M Forest,Tottenham,3,0,H,1.0,0.0,H,S Barrott,15.0,6.0,6.0,1.0,3.0,3.0,9.0,13.0,1.0,3.0,0.0,0.0,3,0,6,12,1,1.0,2.0,16.8,7.6,4.0,2.8,7.0,5.6,1.8,2.2,0.0,0.0,1675.7813372196513,1659.517568747794,16.263768471857247
2025-2026_Sunderland_Newcastle,2025-2026,,2025-12-14,14:00,Sunderland,Newcastle,1,0,H,0.0,0.0,D,P Bankes,5.0,6.0,1.0,2.0,3.0,6.0,10.0,10.0,5.0,4.0,0.0,0.0,3,0,6,12,1,1.8,1.4,11.4,10.0,3.4,3.4,4.2,4.2,2.4,1.0,0.2,0.0,1631.7774051072904,1766.7141005891194,-134.93669548182902
2025-2026_West Ham_Aston Villa,2025-2026,,2025-12-14,14:00,West Ham,Aston Villa,2,3,A,2.0,1.0,H,A Taylor,10.0,7.0,3.0,4.0,5.0,3.0,18.0,13.0,1.0,2.0,0.0,0.0,0,3,6,12,1,1.4,1.8,10.4,11.6,3.8,4.0,7.0,4.8,1.6,1.4,0.2,0.0,1628.543045483542,1849.6575979407185,-221.1145524571764
2025-2026_Brentford_Leeds,2025-2026,,2025-12-14,16:30,Brentford,Leeds,1,1,D,0.0,0.0,D,J Brooks,7.0,18.0,2.0,4.0,0.0,3.0,8.0,9.0,0.0,0.0,0.0,0.0,1,1,6,12,1,2.4,1.2,12.4,9.8,5.6,3.4,4.6,3.4,2.0,1.0,0.0,0.0,1707.127241921968,1581.303252708118,125.82398921385015
2025-2026_Man United_Bournemouth,2025-2026,,2025-12-15,20:00,Man United,Bournemouth,4,4,D,2.0,1.0,H,S Hooper,25.0,14.0,9.0,9.0,5.0,4.0,15.0,12.0,2.0,3.0,0.0,0.0,1,1,0,12,0,1.8,1.6,16.2,11.8,5.8,5.0,4.6,5.0,1.4,3.0,0.2,0.2,1720.1172963912882,1701.867201504169,18.250094887119076
2025-2026_Everton_Arsenal,2025-2026,,2025-12-20,20:00,Everton,Arsenal,0,1,A,0.0,1.0,A,S Barrott,5.0,13.0,1.0,2.0,2.0,3.0,4.0,5.0,2.0,2.0,0.0,0.0,0,3,5,12,1,1.6,1.4,12.2,13.6,4.2,6.6,6.4,4.8,2.0,2.0,0.0,0.0,1737.9659508665763,1906.7697262906925,-168.8037754241161
2025-2026_Tottenham_Liverpool,2025-2026,,2025-12-20,17:30,Tottenham,Liverpool,1,2,A,0.0,0.0,D,J Brooks,15.0,8.0,4.0,4.0,2.0,6.0,9.0,7.0,3.0,3.0,2.0,0.0,0,3,5,12,1,1.2,1.6,10.2,12.4,3.4,4.0,6.4,3.8,3.4,2.2,0.0,0.0,1647.3442152847226,1828.3058274680416,-180.96161218331895
2025-2026_Wolves_Brentford,2025-2026,,2025-12-20,15:00,Wolves,Brentford,0,2,A,0.0,0.0,D,M Donohue,9.0,7.0,2.0,6.0,3.0,4.0,12.0,15.0,2.0,4.0,0.0,0.0,0,3,5,12,1,0.8,0.6,8.4,9.6,2.8,3.0,2.4,6.6,2.0,2.2,0.0,0.0,1521.4530433431792,1700.1241720959424,-178.67112875276325
2025-2026_Leeds_Crystal Palace,2025-2026,,2025-12-20,20:00,Leeds,Crystal Palace,4,1,H,2.0,0.0,H,T Bramall,20.0,9.0,8.0,3.0,9.0,5.0,5.0,10.0,1.0,3.0,0.0,0.0,3,0,5,12,1,2.0,1.2,14.4,9.2,4.8,4.2,3.8,3.8,2.8,1.2,0.0,0.0,1588.3063225341436,1774.4603382599407,-186.15401572579708
2025-2026_Man City_West Ham,2025-2026,,2025-12-20,15:00,Man City,West Ham,3,0,H,2.0,0.0,H,P Tierney,17.0,7.0,8.0,3.0,6.0,0.0,16.0,10.0,1.0,1.0,0.0,0.0,3,0,5,12,1,2.8,1.0,16.8,8.6,7.2,2.6,8.4,4.2,1.8,2.2,0.0,0.0,1897.6477022513036,1620.3861078110642,277.2615944402394
2025-2026_Bournemouth_Burnley,2025-2026,,2025-12-20,15:00,Bournemouth,Burnley,1,1,D,0.0,0.0,D,C Kavanagh,16.0,4.0,1.0,1.0,5.0,3.0,11.0,11.0,1.0,1.0,0.0,0.0,1,1,5,12,1,1.4,1.6,14.0,9.4,5.6,4.2,5.0,5.2,1.8,1.4,0.0,0.2,1704.7764694477994,1507.3188236941996,197.45764575359976
2025-2026_Brighton_Sunderland,2025-2026,,2025-12-20,15:00,Brighton,Sunderland,0,0,D,0.0,0.0,D,D England,16.0,14.0,4.0,6.0,3.0,4.0,11.0,15.0,2.0,2.0,0.0,0.0,1,1,5,12,1,2.2,0.6,15.8,7.8,5.6,3.2,6.8,3.2,1.6,1.8,0.0,0.2,1754.7180267516371,1650.3730699616608,104.34495678997632
2025-2026_Newcastle_Chelsea,2025-2026,,2025-12-20,12:30,Newcastle,Chelsea,2,2,D,2.0,0.0,H,A Madley,11.0,13.0,5.0,4.0,6.0,4.0,13.0,14.0,3.0,6.0,0.0,0.0,1,1,5,12,1,2.0,1.4,16.2,14.4,7.0,5.2,7.4,3.6,0.6,2.0,0.0,0.2,1748.118435734749,1801.5837605379197,-53.46532480317069
2025-2026_Aston Villa_Man United,2025-2026,,2025-12-21,16:30,Aston Villa,Man United,2,1,H,1.0,1.0,D,M Oliver,12.0,15.0,4.0,6.0,5.0,5.0,11.0,14.0,1.0,2.0,0.0,0.0,3,0,6,12,1,2.0,2.4,14.2,15.2,6.0,5.8,5.4,5.0,1.2,1.6,0.0,0.0,1857.8145356131963,1717.2080284476579,140.60650716553846
2025-2026_Fulham_Nott'm Forest,2025-2026,,2025-12-22,20:00,Fulham,Nott'M Forest,1,0,H,1.0,0.0,H,A Taylor,11.0,12.0,1.0,2.0,1.0,5.0,5.0,9.0,5.0,4.0,0.0,0.0,3,0,0,12,0,1.8,0.8,15.2,9.0,4.4,4.2,7.2,4.6,0.8,2.0,0.0,0.0,1684.1104585694893,1687.9546906827227,-3.8442321132333745
2025-2026_Man United_Newcastle,2025-2026,,2025-12-26,20:00,Man United,Newcastle,1,0,H,1.0,0.0,H,A Taylor,10.0,16.0,4.0,3.0,2.0,11.0,9.0,5.0,2.0,1.0,0.0,0.0,3,0,4,12,0,2.2,1.4,19.0,10.4,6.8,3.6,4.6,5.0,1.8,1.6,0.0,0.0,1709.7001899050842,1748.268040871976,-38.56785096689168
2025-2026_Chelsea_Aston Villa,2025-2026,,2025-12-27,17:30,Chelsea,Aston Villa,1,2,A,1.0,0.0,H,S Attwell,14.0,11.0,3.0,8.0,6.0,7.0,16.0,8.0,5.0,3.0,0.0,0.0,0,3,5,12,1,1.8,2.2,15.2,10.6,6.0,4.4,6.6,4.4,0.8,1.6,0.2,0.0,1801.4341554006928,1865.32237415577,-63.888218755077105
2025-2026_Liverpool_Wolves,2025-2026,,2025-12-27,15:00,Liverpool,Wolves,2,1,H,2.0,0.0,H,S Hooper,14.0,9.0,4.0,4.0,6.0,4.0,5.0,13.0,0.0,1.0,0.0,0.0,3,0,5,12,1,1.2,0.2,19.4,7.2,4.4,2.2,5.4,1.4,1.2,2.6,0.0,0.2,1837.9051496292304,1511.7674486533026,326.1377009759278
2025-2026_Burnley_Everton,2025-2026,,2025-12-27,15:00,Burnley,Everton,0,0,D,0.0,0.0,D,C Pawson,16.0,15.0,0.0,6.0,6.0,5.0,8.0,8.0,0.0,2.0,0.0,0.0,1,1,5,12,1,0.8,0.6,8.4,8.0,3.4,1.8,3.2,3.6,1.4,1.4,0.0,0.2,1516.5000204055323,1727.9041381019492,-211.40411769641696
2025-2026_West Ham_Fulham,2025-2026,,2025-12-27,15:00,West Ham,Fulham,0,1,A,0.0,0.0,D,C Kavanagh,11.0,15.0,2.0,4.0,5.0,4.0,8.0,8.0,1.0,3.0,0.0,0.0,0,3,5,12,1,1.6,1.4,10.8,9.0,3.8,4.0,6.4,3.4,1.2,1.8,0.2,0.0,1616.4277552840115,1697.1293943494077,-80.7016390653962
2025-2026_Arsenal_Brighton,2025-2026,,2025-12-27,15:00,Arsenal,Brighton,2,1,H,1.0,0.0,H,J Brooks,24.0,8.0,6.0,3.0,7.0,2.0,7.0,13.0,2.0,3.0,0.0,0.0,3,0,5,12,1,2.2,1.0,15.8,14.4,5.0,4.2,5.6,5.2,0.2,2.6,0.0,0.0,1916.8315390553196,1748.4607286574014,168.37081039791815
2025-2026_Nott'm Forest_Man City,2025-2026,,2025-12-27,12:30,Nott'M Forest,Man City,1,2,A,0.0,0.0,D,R Jones,7.0,16.0,2.0,5.0,5.0,5.0,5.0,13.0,1.0,2.0,0.0,0.0,0,3,5,12,1,1.6,2.0,15.4,12.6,4.0,4.4,6.2,4.2,1.2,2.0,0.0,0.0,1674.9357549028043,1901.6060547783563,-226.67029987555202
2025-2026_Brentford_Bournemouth,2025-2026,,2025-12-27,15:00,Brentford,Bournemouth,4,1,H,2.0,0.0,H,P Bankes,15.0,20.0,7.0,10.0,2.0,15.0,9.0,8.0,2.0,2.0,0.0,0.0,3,0,5,12,1,2.0,2.0,11.8,12.2,4.4,5.8,3.8,5.0,1.6,3.2,0.0,0.2,1709.809766785819,1695.5952727364668,14.214494049352197
2025-2026_Sunderland_Leeds,2025-2026,,2025-12-28,14:00,Sunderland,Leeds,1,1,D,1.0,0.0,H,T Harrington,8.0,17.0,3.0,6.0,3.0,9.0,7.0,9.0,1.0,0.0,0.0,0.0,1,1,6,12,1,1.8,0.8,9.6,12.2,2.8,3.4,3.6,4.0,3.0,0.8,0.0,0.0,1656.6303680558965,1608.901055569114,47.72931248678242
2025-2026_Crystal Palace_Tottenham,2025-2026,,2025-12-28,16:30,Crystal Palace,Tottenham,0,1,A,0.0,1.0,A,J Gillett,15.0,8.0,2.0,4.0,3.0,2.0,7.0,5.0,3.0,2.0,0.0,0.0,0,3,6,12,1,1.2,1.6,13.8,6.6,3.6,2.4,4.4,4.2,1.4,2.4,0.0,0.0,1753.8656052249703,1637.7448931235338,116.12071210143654
2025-2026_Man United_Wolves,2025-2026,,2025-12-30,20:15,Man United,Wolves,1,1,D,1.0,1.0,D,T Bramall,15.0,11.0,6.0,4.0,8.0,4.0,9.0,12.0,0.0,2.0,0.0,0.0,1,1,1,12,0,2.0,0.4,18.0,5.8,6.4,2.4,4.6,1.8,2.0,2.8,0.0,0.2,1724.2068024064204,1508.679930642199,215.52687176422137
2025-2026_Burnley_Newcastle,2025-2026,,2025-12-30,19:30,Burnley,Newcastle,1,3,A,1.0,2.0,A,R Jones,15.0,20.0,4.0,9.0,3.0,4.0,9.0,3.0,2.0,1.0,0.0,0.0,0,3,1,12,0,0.4,1.2,10.8,10.4,2.8,3.6,4.2,6.4,1.0,1.6,0.0,0.0,1523.0069024052113,1733.7614283706398,-210.75452596542846
2025-2026_Chelsea_Bournemouth,2025-2026,,2025-12-30,19:30,Chelsea,Bournemouth,2,2,D,2.0,2.0,D,S Barrott,17.0,17.0,3.0,6.0,12.0,3.0,5.0,12.0,1.0,1.0,0.0,0.0,1,1,1,12,0,1.6,1.6,15.6,14.6,5.4,6.8,6.4,7.0,1.8,2.8,0.2,0.2,1787.0334388427298,1683.3364928175017,103.69694602522804
2025-2026_Nott'm Forest_Everton,2025-2026,,2025-12-30,19:30,Nott'M Forest,Everton,0,2,A,0.0,1.0,A,M Oliver,21.0,11.0,6.0,3.0,9.0,2.0,11.0,9.0,1.0,0.0,0.0,0.0,0,3,1,12,0,1.8,0.6,14.4,10.0,4.0,2.8,6.2,4.0,1.0,1.4,0.0,0.2,1666.9673662003634,1721.3972561022701,-54.42988990190679
2025-2026_West Ham_Brighton,2025-2026,,2025-12-30,19:30,West Ham,Brighton,2,2,D,2.0,1.0,H,M Salisbury,10.0,16.0,4.0,6.0,5.0,5.0,11.0,18.0,3.0,5.0,0.0,0.0,1,1,1,12,0,1.6,1.0,11.6,12.6,4.0,3.6,6.2,4.0,1.2,2.4,0.2,0.0,1602.749812233686,1741.8162305935527,-139.0664183598667
2025-2026_Arsenal_Aston Villa,2025-2026,,2025-12-30,20:15,Arsenal,Aston Villa,4,1,H,0.0,0.0,D,D England,22.0,11.0,7.0,3.0,3.0,3.0,18.0,9.0,2.0,3.0,0.0,0.0,3,0,1,12,0,2.2,2.2,16.4,11.2,5.2,5.6,5.4,4.6,0.6,2.2,0.0,0.0,1923.4760371191683,1879.723090713733,43.752946405435296
2025-2026_Sunderland_Man City,2025-2026,,2026-01-01,20:00,Sunderland,Man City,0,0,D,0.0,0.0,D,J Gillett,10.0,14.0,4.0,4.0,3.0,5.0,9.0,6.0,1.0,1.0,0.0,0.0,1,1,3,1,0,1.6,2.2,9.6,13.8,3.0,4.6,3.6,4.8,3.2,2.0,0.0,0.0,1652.5189229688733,1909.5744434807973,-257.055520511924
2025-2026_Brentford_Tottenham,2025-2026,,2026-01-01,20:00,Brentford,Tottenham,0,0,D,0.0,0.0,D,A Madley,7.0,9.0,2.0,3.0,3.0,1.0,8.0,10.0,1.0,2.0,0.0,0.0,1,1,3,1,0,2.8,1.4,13.6,6.4,5.6,2.6,3.6,4.4,1.4,2.2,0.0,0.0,1722.068546704784,1659.4161104893954,62.65243621538866
2025-2026_Crystal Palace_Fulham,2025-2026,,2026-01-01,17:30,Crystal Palace,Fulham,1,1,D,1.0,0.0,H,T Harrington,11.0,17.0,2.0,5.0,6.0,3.0,7.0,10.0,0.0,5.0,0.0,0.0,1,1,3,1,0,0.6,1.4,12.8,9.6,2.6,4.0,3.8,3.6,1.8,2.2,0.0,0.0,1732.1943878591087,1710.8073373997331,21.387050459375587
2025-2026_Liverpool_Leeds,2025-2026,,2026-01-01,17:30,Liverpool,Leeds,0,0,D,0.0,0.0,D,C Kavanagh,19.0,4.0,4.0,2.0,8.0,3.0,10.0,8.0,0.0,2.0,0.0,0.0,1,1,3,1,0,1.4,1.0,18.4,11.8,4.0,3.8,4.8,4.8,1.2,0.6,0.0,0.0,1840.992667640334,1613.0125006561373,227.98016698419679
2025-2026_Aston Villa_Nott'm Forest,2025-2026,,2026-01-03,12:30,Aston Villa,Nott'M Forest,3,1,H,1.0,0.0,H,S Hooper,11.0,10.0,4.0,5.0,4.0,4.0,10.0,20.0,1.0,2.0,0.0,0.0,3,0,5,1,1,2.0,0.8,13.6,10.4,5.4,3.8,5.2,5.4,0.8,2.0,0.0,0.0,1868.6752672309465,1652.158609558043,216.51665767290342
2025-2026_Brighton_Burnley,2025-2026,,2026-01-03,15:00,Brighton,Burnley,2,0,H,1.0,0.0,H,T Robinson,15.0,5.0,4.0,3.0,4.0,4.0,7.0,17.0,0.0,4.0,0.0,0.0,3,0,5,1,1,1.8,1.6,16.4,9.2,5.4,4.0,5.8,5.0,2.0,1.4,0.0,0.2,1738.0530016405287,1514.4909982307504,223.5620034097783
2025-2026_Wolves_West Ham,2025-2026,,2026-01-03,15:00,Wolves,West Ham,3,0,H,3.0,0.0,H,P Bankes,11.0,6.0,8.0,0.0,6.0,7.0,11.0,10.0,1.0,0.0,0.0,0.0,3,0,5,1,1,0.6,1.0,9.0,9.2,2.6,3.2,2.6,3.6,2.0,2.0,0.0,0.0,1518.3335132635057,1606.51304118671,-88.17952792320443
2025-2026_Bournemouth_Arsenal,2025-2026,,2026-01-03,17:30,Bournemouth,Arsenal,2,3,A,1.0,1.0,D,C Kavanagh,15.0,12.0,3.0,5.0,7.0,5.0,13.0,8.0,3.0,1.0,0.0,0.0,0,3,5,1,1,1.0,1.4,15.0,13.0,4.6,6.0,5.2,3.4,2.0,2.4,0.0,0.0,1689.5706645175508,1934.5238606019548,-244.953196084404
2025-2026_Fulham_Liverpool,2025-2026,,2026-01-04,15:15,Fulham,Liverpool,2,2,D,1.0,0.0,H,C Pawson,8.0,10.0,2.0,2.0,3.0,8.0,11.0,4.0,1.0,1.0,0.0,0.0,1,1,6,1,1,2.0,1.8,15.6,11.6,4.6,4.4,6.2,4.6,1.8,2.4,0.0,0.0,1713.8467126257951,1831.0313510449248,-117.18463841912967
2025-2026_Leeds_Man United,2025-2026,,2026-01-04,12:30,Leeds,Man United,1,1,D,0.0,0.0,D,J Gillett,11.0,15.0,3.0,2.0,6.0,4.0,9.0,9.0,0.0,1.0,0.0,0.0,1,1,6,1,1,2.6,2.2,15.2,15.8,5.6,6.2,4.8,5.2,2.6,1.6,0.0,0.0,1622.9738172515465,1714.5532197851135,-91.57940253356696
2025-2026_Everton_Brentford,2025-2026,,2026-01-04,15:00,Everton,Brentford,2,4,A,0.0,1.0,A,A Taylor,14.0,11.0,6.0,7.0,4.0,5.0,9.0,8.0,0.0,2.0,0.0,0.0,0,3,6,1,1,1.2,0.6,10.4,6.6,3.0,2.8,6.4,5.4,2.0,2.8,0.0,0.0,1736.2060127445905,1717.368514169616,18.83749857497446
2025-2026_Newcastle_Crystal Palace,2025-2026,,2026-01-04,15:00,Newcastle,Crystal Palace,2,0,H,0.0,0.0,D,J Brooks,12.0,11.0,7.0,1.0,8.0,6.0,5.0,12.0,1.0,3.0,0.0,0.0,3,0,6,1,1,2.0,1.2,14.8,8.0,6.2,3.2,7.0,4.0,1.2,1.2,0.0,0.0,1742.2773325451008,1729.1550126330467,13.122319912054081
2025-2026_Tottenham_Sunderland,2025-2026,,2026-01-04,15:00,Tottenham,Sunderland,1,1,D,1.0,0.0,H,S Attwell,13.0,10.0,5.0,3.0,3.0,5.0,10.0,6.0,2.0,3.0,0.0,0.0,1,1,6,1,1,1.2,0.6,11.4,9.0,3.6,3.8,5.6,3.4,3.6,1.4,0.4,0.2,1664.1161430245634,1660.5313837299054,3.5847592946579425
2025-2026_Man City_Chelsea,2025-2026,,2026-01-04,17:30,Man City,Chelsea,1,1,D,1.0,0.0,H,M Oliver,14.0,8.0,3.0,3.0,8.0,2.0,12.0,14.0,3.0,3.0,0.0,0.0,1,1,6,1,1,3.0,1.2,16.4,13.6,7.4,4.8,7.4,4.0,2.0,2.8,0.0,0.0,1901.5619827197652,1780.7992671426807,120.76271557708446
2025-2026_West Ham_Nott'm Forest,2025-2026,,2026-01-06,20:00,West Ham,Nott'M Forest,1,2,A,1.0,0.0,H,T Harrington,14.0,13.0,3.0,5.0,6.0,5.0,15.0,9.0,3.0,0.0,0.0,0.0,0,3,1,1,0,1.4,1.0,10.6,10.8,3.0,4.0,5.8,5.4,1.6,2.2,0.2,0.0,1589.871301538652,1646.8371796280912,-56.96587808943923
2025-2026_Bournemouth_Tottenham,2025-2026,,2026-01-07,19:30,Bournemouth,Tottenham,3,2,H,2.0,1.0,H,D England,11.0,16.0,3.0,4.0,3.0,7.0,19.0,10.0,3.0,3.0,0.0,0.0,3,0,2,1,0,1.0,0.8,15.4,6.8,4.2,2.4,5.4,3.0,2.0,2.6,0.0,0.0,1682.2027883183666,1661.8208731617951,20.381915156571495
2025-2026_Brentford_Sunderland,2025-2026,,2026-01-07,19:30,Brentford,Sunderland,3,0,H,1.0,0.0,H,M Donohue,18.0,11.0,6.0,3.0,7.0,4.0,13.0,13.0,2.0,1.0,0.0,0.0,3,0,2,1,0,2.2,0.4,11.6,9.0,4.4,3.6,3.2,4.2,1.0,1.8,0.0,0.2,1735.3021803669214,1662.8266535926737,72.47552677424778
2025-2026_Crystal Palace_Aston Villa,2025-2026,,2026-01-07,19:30,Crystal Palace,Aston Villa,0,0,D,0.0,0.0,D,A Madley,11.0,15.0,5.0,3.0,3.0,5.0,8.0,3.0,2.0,0.0,0.0,0.0,1,1,2,1,0,0.4,2.4,13.2,11.4,2.6,5.6,3.8,4.4,1.8,2.2,0.0,0.0,1716.850628477117,1873.9966971608983,-157.14606868378132
2025-2026_Everton_Wolves,2025-2026,,2026-01-07,19:30,Everton,Wolves,1,1,D,1.0,0.0,H,T Kirk,13.0,13.0,2.0,4.0,2.0,7.0,13.0,15.0,1.0,3.0,2.0,0.0,1,1,2,1,0,1.6,0.6,10.8,7.0,3.8,2.8,5.4,2.4,1.6,2.6,0.0,0.0,1718.272346547285,1534.9752529115638,183.29709363572124
2025-2026_Fulham_Chelsea,2025-2026,,2026-01-07,19:30,Fulham,Chelsea,2,1,H,0.0,0.0,D,P Bankes,16.0,14.0,5.0,6.0,2.0,11.0,11.0,6.0,3.0,3.0,0.0,1.0,3,0,2,1,0,1.8,1.2,13.4,12.2,3.8,3.6,4.8,3.4,1.8,3.0,0.0,0.0,1716.711685273589,1787.630295276238,-70.91861000264907
2025-2026_Man City_Brighton,2025-2026,,2026-01-07,19:30,Man City,Brighton,1,1,D,1.0,0.0,H,T Bramall,22.0,6.0,6.0,3.0,6.0,2.0,6.0,16.0,1.0,6.0,0.0,0.0,1,1,2,1,0,2.6,1.0,16.2,12.4,6.4,3.8,7.0,3.8,2.2,3.0,0.0,0.0,1894.7309545862079,1743.1992127359304,151.5317418502775
2025-2026_Burnley_Man United,2025-2026,,2026-01-07,20:15,Burnley,Man United,2,2,D,1.0,0.0,H,S Attwell,7.0,30.0,1.0,10.0,2.0,6.0,9.0,8.0,2.0,0.0,0.0,0.0,1,1,2,1,0,0.6,2.0,13.2,15.2,3.6,5.2,4.6,5.0,1.0,1.6,0.0,0.0,1509.3447871353487,1712.7666138834013,-203.42182674805258
2025-2026_Newcastle_Leeds,2025-2026,,2026-01-07,20:15,Newcastle,Leeds,4,3,H,1.0,2.0,A,M Salisbury,18.0,14.0,8.0,6.0,8.0,4.0,11.0,10.0,3.0,2.0,0.0,0.0,3,0,2,1,0,2.0,1.0,13.6,11.6,6.2,3.8,7.8,4.0,1.4,0.8,0.0,0.0,1754.5817167010305,1624.7604231532587,129.8212935477718
2025-2026_Arsenal_Liverpool,2025-2026,,2026-01-08,20:00,Arsenal,Liverpool,0,0,D,0.0,0.0,D,A Taylor,9.0,8.0,4.0,0.0,3.0,0.0,10.0,9.0,2.0,2.0,0.0,0.0,1,1,3,1,0,2.8,1.8,18.8,10.0,6.0,3.8,5.2,5.4,1.0,2.2,0.0,0.0,1941.891736801139,1828.166378397131,113.72535840400792
2025-2026_Sunderland_Crystal Palace,2025-2026,,2026-01-17,15:00,Sunderland,Crystal Palace,2,1,H,1.0,1.0,D,R Jones,13.0,6.0,7.0,2.0,3.0,4.0,8.0,15.0,3.0,3.0,0.0,0.0,3,0,5,1,1,1.4,1.2,8.2,8.8,3.2,3.2,3.4,4.6,2.8,1.8,0.0,0.0,1652.9056870283227,1721.3352202178426,-68.42953318951982
2025-2026_Tottenham_West Ham,2025-2026,,2026-01-17,15:00,Tottenham,West Ham,1,2,A,0.0,1.0,A,J Gillett,21.0,17.0,6.0,4.0,11.0,5.0,12.0,17.0,5.0,3.0,0.0,0.0,0,3,5,1,1,1.4,0.8,13.4,8.6,4.4,2.6,5.0,4.2,3.2,1.4,0.4,0.0,1649.8186105881427,1575.1720023801013,74.64660820804147
2025-2026_Nott'm Forest_Arsenal,2025-2026,,2026-01-17,17:30,Nott'M Forest,Arsenal,0,0,D,0.0,0.0,D,M Oliver,6.0,15.0,0.0,3.0,4.0,9.0,8.0,14.0,1.0,1.0,0.0,0.0,1,1,5,1,1,1.4,1.6,15.2,13.0,4.6,5.4,6.4,3.2,1.0,2.4,0.0,0.0,1661.536478786642,1935.3037333077973,-273.76725452115534
2025-2026_Leeds_Fulham,2025-2026,,2026-01-17,15:00,Leeds,Fulham,1,0,H,0.0,0.0,D,C Kavanagh,14.0,8.0,5.0,1.0,7.0,3.0,6.0,11.0,1.0,5.0,0.0,0.0,3,0,5,1,1,2.4,1.4,14.8,10.6,5.2,4.0,5.4,3.6,2.0,2.8,0.0,0.0,1616.8977270121197,1732.6137245418329,-115.71599752971315
2025-2026_Chelsea_Brentford,2025-2026,,2026-01-17,15:00,Chelsea,Brentford,2,0,H,1.0,0.0,H,J Brooks,6.0,15.0,2.0,5.0,3.0,9.0,7.0,10.0,3.0,2.0,0.0,0.0,3,0,5,1,1,1.8,1.4,15.8,7.6,4.6,3.8,7.0,5.4,1.8,2.6,0.2,0.0,1771.728256007994,1745.2231469312724,26.505109076721737
2025-2026_Liverpool_Burnley,2025-2026,,2026-01-17,15:00,Liverpool,Burnley,1,1,D,1.0,0.0,H,A Madley,32.0,7.0,11.0,1.0,9.0,1.0,8.0,10.0,1.0,2.0,0.0,0.0,1,1,5,1,1,1.0,1.0,19.0,8.0,4.0,3.2,6.2,5.2,0.8,2.2,0.0,0.2,1834.7543818904726,1515.5691294444218,319.18525244605075
2025-2026_Man United_Man City,2025-2026,,2026-01-17,12:30,Man United,Man City,2,0,H,0.0,0.0,D,A Taylor,11.0,7.0,7.0,1.0,1.0,6.0,13.0,8.0,2.0,3.0,0.0,0.0,3,0,5,1,1,1.4,2.2,18.4,13.0,5.8,4.6,6.0,4.6,1.6,1.4,0.0,0.0,1706.5422715743282,1886.8903737415023,-180.34810216717415
2025-2026_Wolves_Newcastle,2025-2026,,2026-01-18,14:00,Wolves,Newcastle,0,0,D,0.0,0.0,D,S Barrott,6.0,12.0,2.0,2.0,4.0,7.0,14.0,8.0,2.0,2.0,0.0,0.0,1,1,6,1,1,0.8,1.6,8.2,12.0,2.8,4.6,2.8,6.0,2.0,1.4,0.0,0.0,1543.7645713129266,1762.4444128421694,-218.67984152924282
2025-2026_Aston Villa_Everton,2025-2026,,2026-01-18,16:30,Aston Villa,Everton,0,1,A,0.0,0.0,D,T Harrington,18.0,9.0,5.0,3.0,6.0,4.0,15.0,13.0,1.0,2.0,0.0,0.0,0,3,6,1,1,2.4,0.8,14.0,10.6,5.6,3.0,5.0,4.2,0.8,1.0,0.0,0.2,1869.5121054201727,1709.4830281459222,160.02907727425054
2025-2026_Brighton_Bournemouth,2025-2026,,2026-01-19,20:00,Brighton,Bournemouth,1,1,D,0.0,1.0,A,P Tierney,17.0,11.0,5.0,2.0,11.0,6.0,7.0,6.0,2.0,3.0,0.0,0.0,1,1,0,1,0,1.6,1.8,16.6,16.4,4.8,7.0,5.8,6.8,2.0,2.6,0.0,0.2,1751.039793580636,1694.205050892019,56.83474268861687
2025-2026_West Ham_Sunderland,2025-2026,,2026-01-24,12:30,West Ham,Sunderland,3,1,H,3.0,0.0,H,T Bramall,13.0,7.0,5.0,2.0,3.0,3.0,9.0,16.0,2.0,4.0,0.0,0.0,3,0,5,1,1,1.0,0.4,10.4,10.4,2.4,3.8,5.6,4.2,1.8,1.4,0.2,0.2,1595.333846001474,1668.7006085147268,-73.36676251325275
2025-2026_Burnley_Tottenham,2025-2026,,2026-01-24,15:00,Burnley,Tottenham,2,2,D,1.0,1.0,D,P Bankes,9.0,18.0,4.0,11.0,1.0,3.0,8.0,9.0,1.0,0.0,0.0,0.0,1,1,5,1,1,1.0,1.0,13.0,9.4,3.4,2.8,4.8,4.2,1.0,2.6,0.0,0.0,1527.368986706613,1629.65676696677,-102.28778026015698
2025-2026_Fulham_Brighton,2025-2026,,2026-01-24,15:00,Fulham,Brighton,2,1,H,0.0,1.0,A,M Oliver,12.0,13.0,4.0,5.0,6.0,6.0,10.0,6.0,1.0,1.0,0.0,0.0,3,0,5,1,1,2.0,1.2,11.8,12.2,3.6,3.8,3.8,2.6,1.8,3.4,0.0,0.0,1714.8098941362096,1746.5674447179654,-31.757550581755822
2025-2026_Man City_Wolves,2025-2026,,2026-01-24,15:00,Man City,Wolves,2,0,H,2.0,0.0,H,F Hallam,11.0,11.0,4.0,1.0,4.0,6.0,16.0,14.0,1.0,3.0,0.0,0.0,3,0,5,1,1,2.2,0.8,17.8,9.0,6.4,3.6,6.8,3.6,2.0,2.8,0.0,0.0,1866.5127642783555,1550.5241298835015,315.988634394854
2025-2026_Bournemouth_Liverpool,2025-2026,,2026-01-24,17:30,Bournemouth,Liverpool,3,2,H,2.0,1.0,H,M Salisbury,12.0,14.0,5.0,4.0,3.0,11.0,7.0,7.0,1.0,1.0,0.0,0.0,3,0,5,1,1,1.2,1.8,12.0,10.2,2.8,3.6,4.2,4.0,2.0,1.8,0.0,0.0,1698.6773997546895,1822.9545246282814,-124.2771248735919
2025-2026_Crystal Palace_Chelsea,2025-2026,,2026-01-25,14:00,Crystal Palace,Chelsea,1,3,A,0.0,1.0,A,D England,13.0,10.0,7.0,6.0,4.0,5.0,11.0,10.0,2.0,2.0,1.0,0.0,0,3,6,1,1,0.4,1.0,13.4,12.0,3.2,3.8,3.6,3.8,2.0,3.0,0.0,0.2,1705.5402987314385,1783.477634360922,-77.93733562948341
2025-2026_Arsenal_Man United,2025-2026,,2026-01-25,16:30,Arsenal,Man United,2,3,A,1.0,1.0,D,C Pawson,15.0,10.0,4.0,3.0,9.0,2.0,11.0,9.0,2.0,0.0,0.0,0.0,0,3,6,1,1,2.0,2.0,17.2,20.2,5.2,6.8,5.0,5.6,1.2,1.4,0.0,0.0,1926.788930720697,1726.919881037475,199.86904968322187
2025-2026_Brentford_Nott'm Forest,2025-2026,,2026-01-25,14:00,Brentford,Nott'M Forest,0,2,A,0.0,1.0,A,S Barrott,10.0,7.0,1.0,2.0,6.0,5.0,11.0,10.0,1.0,0.0,0.0,0.0,0,3,6,1,1,2.2,0.8,12.2,10.4,4.2,3.6,3.4,5.2,1.0,2.2,0.0,0.0,1733.4737685783446,1670.0512813737423,63.42248720460225
2025-2026_Newcastle_Aston Villa,2025-2026,,2026-01-25,14:00,Newcastle,Aston Villa,0,2,A,0.0,1.0,A,J Gillett,15.0,14.0,4.0,8.0,6.0,5.0,7.0,12.0,1.0,2.0,0.0,0.0,0,3,6,1,1,2.4,2.0,15.4,11.6,6.8,5.6,8.4,4.8,1.8,2.0,0.0,0.0,1755.6848542715945,1846.4083161208603,-90.72346184926573
2025-2026_Everton_Leeds,2025-2026,,2026-01-26,20:00,Everton,Leeds,1,1,D,0.0,1.0,A,S Hooper,10.0,14.0,3.0,4.0,4.0,4.0,9.0,13.0,0.0,3.0,0.0,0.0,1,1,0,1,0,1.4,1.4,10.6,12.4,3.2,4.4,4.4,4.0,1.4,1.0,0.4,0.0,1732.5868174452346,1634.701557417743,97.88526002749154
2025-2026_Brighton_Everton,2025-2026,,2026-01-31,15:00,Brighton,Everton,1,1,D,0.0,0.0,D,C Kavanagh,11.0,7.0,2.0,4.0,5.0,2.0,13.0,14.0,1.0,2.0,0.0,0.0,1,1,5,1,1,1.4,0.8,17.2,11.8,4.8,3.4,6.6,4.8,1.6,1.4,0.0,0.0,1732.35431160359,1726.5616493996095,5.792662203980626
2025-2026_Leeds_Arsenal,2025-2026,,2026-01-31,15:00,Leeds,Arsenal,0,4,A,0.0,2.0,A,S Attwell,3.0,14.0,1.0,8.0,4.0,12.0,10.0,7.0,1.0,1.0,0.0,0.0,0,3,5,1,1,2.4,1.2,14.8,12.6,5.2,4.6,6.2,4.6,1.2,2.4,0.0,0.0,1640.7267254633682,1902.5429052259096,-261.8161797625414
2025-2026_Wolves_Bournemouth,2025-2026,,2026-01-31,15:00,Wolves,Bournemouth,0,2,A,0.0,1.0,A,M Oliver,17.0,9.0,7.0,4.0,5.0,6.0,11.0,15.0,3.0,3.0,0.0,0.0,0,3,5,1,1,0.8,2.0,7.8,16.0,3.0,6.6,3.4,6.2,2.0,2.8,0.0,0.2,1547.2710001360094,1716.8362225841952,-169.56522244818575
2025-2026_Chelsea_West Ham,2025-2026,,2026-01-31,17:30,Chelsea,West Ham,3,2,H,0.0,2.0,A,A Taylor,14.0,11.0,6.0,6.0,9.0,3.0,11.0,13.0,3.0,2.0,0.0,1.0,3,0,5,1,1,1.6,0.8,13.0,11.0,3.4,3.0,5.6,4.8,2.2,1.6,0.2,0.0,1797.2740754929723,1611.3411519329766,185.93292355999574
2025-2026_Liverpool_Newcastle,2025-2026,,2026-01-31,20:00,Liverpool,Newcastle,4,1,H,2.0,1.0,H,S Hooper,17.0,8.0,7.0,2.0,7.0,11.0,11.0,7.0,1.0,3.0,0.0,0.0,3,0,5,1,1,1.2,1.4,21.2,13.4,5.4,4.8,6.4,7.0,0.6,1.6,0.0,0.0,1804.7957017987758,1742.435019871037,62.360681927738824
2025-2026_Nott'm Forest_Crystal Palace,2025-2026,,2026-02-01,14:00,Nott'M Forest,Crystal Palace,1,1,D,1.0,1.0,D,M Salisbury,9.0,14.0,1.0,3.0,5.0,7.0,4.0,12.0,1.0,3.0,0.0,0.0,1,1,6,2,1,0.8,1.0,13.6,8.0,3.4,2.8,6.0,4.6,0.8,1.8,0.0,0.0,1689.7812747851524,1691.743857599388,-1.9625828142357022
2025-2026_Tottenham_Man City,2025-2026,,2026-02-01,16:30,Tottenham,Man City,2,2,D,0.0,2.0,A,R Jones,12.0,15.0,6.0,3.0,3.0,4.0,15.0,12.0,3.0,3.0,0.0,0.0,1,1,6,2,1,1.2,2.0,15.6,11.0,4.8,4.0,6.2,4.0,3.2,1.4,0.4,0.0,1627.4162120928033,1869.7658940258475,-242.34968193304417
2025-2026_Man United_Fulham,2025-2026,,2026-02-01,14:00,Man United,Fulham,3,2,H,1.0,0.0,H,J Brooks,13.0,14.0,6.0,6.0,3.0,7.0,6.0,9.0,2.0,1.0,0.0,0.0,3,0,6,2,1,1.8,1.4,15.6,10.6,6.0,3.4,4.4,3.2,1.6,3.4,0.0,0.0,1751.1659065322624,1729.0230272505848,22.14287928167755
2025-2026_Aston Villa_Brentford,2025-2026,,2026-02-01,14:00,Aston Villa,Brentford,0,1,A,0.0,1.0,A,T Robinson,27.0,6.0,5.0,2.0,12.0,1.0,8.0,8.0,0.0,3.0,0.0,0.0,0,3,6,2,1,1.6,1.2,14.4,8.6,5.0,4.0,5.0,6.4,0.6,2.6,0.0,0.0,1859.6581505214178,1713.7437751669345,145.91437535448335
2025-2026_Sunderland_Burnley,2025-2026,,2026-02-02,20:00,Sunderland,Burnley,3,0,H,2.0,0.0,H,P Tierney,14.0,5.0,5.0,0.0,1.0,2.0,12.0,10.0,1.0,4.0,0.0,0.0,3,0,0,2,0,1.4,0.8,9.6,6.2,4.2,2.0,3.6,4.6,3.0,2.2,0.0,0.2,1652.6933025832243,1529.6095415805796,123.08376100264468
2025-2026_Leeds_Nott'm Forest,2025-2026,,2026-02-06,20:00,Leeds,Nott'M Forest,3,1,H,2.0,0.0,H,P Bankes,14.0,16.0,5.0,6.0,5.0,10.0,9.0,12.0,1.0,1.0,0.0,0.0,3,0,4,2,0,1.8,1.0,12.0,9.8,4.4,3.4,6.2,4.4,1.2,1.8,0.0,0.0,1633.884998718897,1687.7204480676146,-53.8354493487177
2025-2026_Wolves_Chelsea,2025-2026,,2026-02-07,15:00,Wolves,Chelsea,1,3,A,0.0,3.0,A,J Gillett,11.0,15.0,3.0,6.0,3.0,4.0,9.0,10.0,1.0,1.0,0.0,0.0,0,3,5,2,1,0.8,1.4,10.2,11.2,4.2,4.6,3.8,4.4,2.2,3.2,0.0,0.2,1537.2384775559747,1803.4103629942867,-266.1718854383121
2025-2026_Man United_Tottenham,2025-2026,,2026-02-07,12:30,Man United,Tottenham,2,0,H,1.0,0.0,H,M Oliver,23.0,7.0,10.0,1.0,7.0,0.0,12.0,11.0,1.0,2.0,0.0,1.0,3,0,5,2,1,2.2,1.0,14.8,11.4,6.4,4.6,3.8,3.2,1.6,2.0,0.0,0.0,1763.0952531481444,1634.9647153701503,128.13053777799405
2025-2026_Arsenal_Sunderland,2025-2026,,2026-02-07,15:00,Arsenal,Sunderland,3,0,H,1.0,0.0,H,S Barrott,16.0,5.0,5.0,3.0,5.0,2.0,11.0,8.0,1.0,2.0,0.0,0.0,3,0,5,2,1,2.0,0.4,17.2,10.0,4.6,3.0,6.0,4.2,1.6,2.0,0.0,0.2,1909.384631970381,1660.7830910804792,248.6015408899018
2025-2026_Bournemouth_Aston Villa,2025-2026,,2026-02-07,15:00,Bournemouth,Aston Villa,1,1,D,0.0,1.0,A,A Taylor,20.0,7.0,9.0,4.0,11.0,4.0,4.0,11.0,1.0,1.0,0.0,0.0,1,1,5,2,1,1.8,1.6,13.4,11.6,3.4,5.2,4.6,4.6,1.6,2.0,0.0,0.0,1726.86874516423,1836.9953156842623,-110.12657052003237
2025-2026_Burnley_West Ham,2025-2026,,2026-02-07,15:00,Burnley,West Ham,0,2,A,0.0,2.0,A,D England,18.0,6.0,5.0,4.0,5.0,2.0,11.0,10.0,3.0,1.0,0.0,0.0,0,3,5,2,1,1.4,1.0,12.6,11.0,3.4,3.6,4.4,4.2,1.2,1.6,0.0,0.2,1521.5197530833248,1605.2048644316621,-83.68511134833739
2025-2026_Fulham_Everton,2025-2026,,2026-02-07,15:00,Fulham,Everton,1,2,A,1.0,0.0,H,S Attwell,13.0,16.0,3.0,3.0,6.0,6.0,11.0,12.0,1.0,5.0,0.0,0.0,0,3,5,2,1,1.6,0.8,11.8,10.6,3.2,3.6,3.6,4.0,2.0,1.2,0.0,0.0,1717.0936806347029,1728.9499184715337,-11.856237836830815
2025-2026_Newcastle_Brentford,2025-2026,,2026-02-07,17:30,Newcastle,Brentford,2,3,A,1.0,2.0,A,A Madley,16.0,11.0,4.0,5.0,9.0,3.0,14.0,18.0,2.0,2.0,0.0,0.0,0,3,5,2,1,2.0,1.4,14.6,8.6,6.2,4.2,7.4,5.0,2.0,3.0,0.0,0.0,1732.1236900429312,1736.40661000409,-4.282919961158768
2025-2026_Liverpool_Man City,2025-2026,,2026-02-08,16:30,Liverpool,Man City,1,2,A,0.0,0.0,D,C Pawson,15.0,17.0,4.0,7.0,5.0,4.0,13.0,16.0,2.0,4.0,1.0,0.0,0,3,6,2,1,1.8,1.4,20.0,11.8,6.0,3.8,6.4,4.4,0.6,1.8,0.0,0.0,1815.1070316268815,1862.2173907485005,-47.11035912161901
2025-2026_Brighton_Crystal Palace,2025-2026,,2026-02-08,14:00,Brighton,Crystal Palace,0,1,A,0.0,0.0,D,T Bramall,7.0,7.0,2.0,4.0,3.0,4.0,12.0,9.0,1.0,3.0,0.0,0.0,0,3,6,2,1,1.0,1.0,16.2,10.2,3.8,2.8,6.6,5.2,1.4,2.4,0.0,0.0,1729.9660425316658,1693.804684316926,36.16135821473995
2025-2026_Chelsea_Leeds,2025-2026,,2026-02-10,19:30,Chelsea,Leeds,2,2,D,1.0,0.0,H,R Jones,19.0,4.0,4.0,2.0,4.0,1.0,9.0,13.0,4.0,4.0,0.0,0.0,1,1,1,2,0,2.0,1.2,13.6,13.4,3.8,4.4,6.8,4.6,2.6,1.4,0.0,0.0,1810.120569960943,1649.0505816519074,161.06998830903558
2025-2026_Everton_Bournemouth,2025-2026,,2026-02-10,19:30,Everton,Bournemouth,1,2,A,1.0,0.0,H,A Madley,16.0,11.0,6.0,4.0,7.0,2.0,14.0,15.0,1.0,3.0,1.0,0.0,0,3,1,2,0,1.4,2.0,10.6,14.2,3.4,6.2,3.6,6.8,1.4,2.4,0.4,0.0,1745.590132467813,1729.4390099001569,16.151122567656103
2025-2026_Tottenham_Newcastle,2025-2026,,2026-02-10,19:30,Tottenham,Newcastle,1,2,A,0.0,1.0,A,A Taylor,16.0,21.0,2.0,5.0,2.0,12.0,15.0,11.0,3.0,2.0,0.0,0.0,0,3,1,2,0,1.4,0.8,15.2,12.4,5.6,3.6,5.2,7.8,3.2,2.2,0.4,0.0,1627.0454194299803,1715.1612382338287,-88.11581880384847
2025-2026_West Ham_Man United,2025-2026,,2026-02-10,20:15,West Ham,Man United,1,1,D,0.0,0.0,D,S Hooper,7.0,9.0,3.0,3.0,5.0,3.0,10.0,4.0,1.0,1.0,0.0,0.0,1,1,1,2,0,1.6,2.2,11.6,19.4,3.4,6.2,4.8,5.2,2.0,1.0,0.0,0.0,1618.755101013719,1771.0145490883144,-152.2594480745954
2025-2026_Nott'm Forest_Wolves,2025-2026,,2026-02-11,19:30,Nott'M Forest,Wolves,0,0,D,0.0,0.0,D,T Robinson,35.0,7.0,10.0,3.0,8.0,2.0,12.0,13.0,0.0,2.0,0.0,0.0,1,1,2,2,0,1.0,0.8,11.6,9.4,3.0,3.0,5.2,4.2,1.0,2.6,0.0,0.0,1672.5548651346041,1530.5282705893185,142.02659454528566
2025-2026_Man City_Fulham,2025-2026,,2026-02-11,19:30,Man City,Fulham,3,0,H,3.0,0.0,H,P Tierney,13.0,14.0,5.0,3.0,4.0,4.0,8.0,10.0,3.0,1.0,0.0,0.0,3,0,2,2,0,2.0,1.4,16.4,12.0,5.4,4.0,6.0,4.2,1.4,3.2,0.0,0.0,1877.342143697185,1700.4534666384236,176.88867705876146
2025-2026_Sunderland_Liverpool,2025-2026,,2026-02-11,20:15,Sunderland,Liverpool,0,1,A,0.0,0.0,D,C Kavanagh,11.0,23.0,2.0,3.0,3.0,11.0,8.0,10.0,1.0,0.0,0.0,0.0,0,3,2,2,0,1.4,1.8,10.0,11.2,4.0,3.4,2.6,5.8,2.2,2.0,0.0,0.0,1656.2226600112353,1799.982278678197,-143.75961866696161
2025-2026_Aston Villa_Brighton,2025-2026,,2026-02-11,19:30,Aston Villa,Brighton,1,0,H,0.0,0.0,D,P Bankes,15.0,9.0,1.0,3.0,7.0,5.0,9.0,15.0,2.0,3.0,0.0,0.0,3,0,2,2,0,1.4,1.0,16.6,11.4,4.8,3.6,6.0,3.4,0.6,3.4,0.0,0.0,1834.4250509483354,1711.320585166249,123.10446578208644
2025-2026_Crystal Palace_Burnley,2025-2026,,2026-02-11,19:30,Crystal Palace,Burnley,2,3,A,2.0,3.0,A,F Hallam,21.0,8.0,3.0,3.0,8.0,2.0,11.0,8.0,2.0,1.0,0.0,0.0,0,3,2,2,0,0.4,0.6,13.2,6.0,4.0,1.6,3.6,3.8,1.8,2.6,0.2,0.2,1712.4501416823427,1507.969516501268,204.48062518107486
2025-2026_Brentford_Arsenal,2025-2026,,2026-02-12,20:00,Brentford,Arsenal,1,1,D,0.0,0.0,D,J Brooks,12.0,7.0,3.0,2.0,6.0,4.0,12.0,11.0,3.0,2.0,0.0,0.0,1,1,3,2,0,1.6,1.8,11.4,13.8,3.6,5.4,3.6,6.4,1.2,1.4,0.0,0.0,1753.3690618131925,1913.9450630396248,-160.57600122643225
